"name","sequence"
"b0001","TATAGGCATAGCGCACAGACAGATAAAAATTACAGAGTACACAACATCCATGAAACGCATTAGCACCACCATTACCACCACCATCACCATTACCACAGGTAACGGTGCGGGCTGA"
"b0002","CTGACAGTGCGGGCTTTTTTTTTCGACCAAAGGTAACGAGGTAACAACCATGCGAGTGTTGAAGTTCGGCGGTACATCAGTGGCAAATGCAGAACGTTTTCTGCGTGTTGCCGATATTCTGGAAAGCAATGCCAGGCAGGGGCAGGTGGCCACCGTCCTCTCTGCCCCCGCCAAAATCACCAACCACCTGGTGGCGATGATTGAAAAAACCATTAGCGGCCAGGATGCTTTACCCAATATCAGCGATGCCGAACGTATTTTTGCCGAACTTTTGACGGGACTCGCCGCCGCCCAGCCGGGGTTCCCGCTGGCGCAATTGAAAACTTTCGTCGATCAGGAATTTGCCCAAATAAAACATGTCCTGCATGGCATTAGTTTGTTGGGGCAGTGCCCGGATAGCATCAACGCTGCGCTGATTTGCCGTGGCGAGAAAATGTCGATCGCCATTATGGCCGGCGTATTAGAAGCGCGCGGTCACAACGTTACTGTTATCGATCCGGTCGAAAAACTGCTGGCAGTGGGGCATTACCTCGAATCTACCGTCGATATTGCTGAGTCCACCCGCCGTATTGCGGCAAGCCGCATTCCGGCTGATCACATGGTGCTGATGGCAGGTTTCACCGCCGGTAATGAAAAAGGCGAACTGGTGGTGCTTGGACGCAACGGTTCCGACTACTCTGCTGCGGTGCTGGCTGCCTGTTTACGCGCCGATTGTTGCGAGATTTGGACGGACGTTGACGGGGTCTATACCTGCGACCCGCGTCAGGTGCCCGATGCGAGGTTGTTGAAGTCGATGTCCTACCAGGAAGCGATGGAGCTTTCCTACTTCGGCGCTAAAGTTCTTCACCCCCGCACCATTACCCCCATCGCCCAGTTCCAGATCCCTTGCCTGATTAAAAATACCGGAAATCCTCAAGCACCAGGTACGCTCATTGGTGCCAGCCGTGATGAAGACGAATTACCGGTCAAGGGCATTTCCAATCTGAATAACATGGCAATGTTCAGCGTTTCTGGTCCGGGGATGAAAGGGATGGTCGGCATGGCGGCGCGCGTCTTTGCAGCGATGTCACGCGCCCGTATTTCCGTGGTGCTGATTACGCAATCATCTTCCGAATACAGCATCAGTTTCTGCGTTCCACAAAGCGACTGTGTGCGAGCTGAACGGGCAATGCAGGAAGAGTTCTACCTGGAACTGAAAGAAGGCTTACTGGAGCCGCTGGCAGTGACGGAACGGCTGGCCATTATCTCGGTGGTAGGTGATGGTATGCGCACCTTGCGTGGGATCTCGGCGAAATTCTTTGCCGCACTGGCCCGCGCCAATATCAACATTGTCGCCATTGCTCAGGGATCTTCTGAACGCTCAATCTCTGTCGTGGTAAATAACGATGATGCGACCACTGGCGTGCGCGTTACTCATCAGATGCTGTTCAATACCGATCAGGTTATCGAAGTGTTTGTGATTGGCGTCGGTGGCGTTGGCGGTGCGCTGCTGGAGCAACTGAAGCGTCAGCAAAGCTGGCTGAAGAATAAACATATCGACTTACGTGTCTGCGGTGTTGCCAACTCGAAGGCTCTGCTCACCAATGTACATGGCCTTAATCTGGAAAACTGGCAGGAAGAACTGGCGCAAGCCAAAGAGCCGTTTAATCTCGGGCGCTTAATTCGCCTCGTGAAAGAATATCATCTGCTGAACCCGGTCATTGTTGACTGCACTTCCAGCCAGGCAGTGGCGGATCAATATGCCGACTTCCTGCGCGAAGGTTTCCACGTTGTCACGCCGAACAAAAAGGCCAACACCTCGTCGATGGATTACTACCATCAGTTGCGTTATGCGGCGGAAAAATCGCGGCGTAAATTCCTCTATGACACCAACGTTGGGGCTGGATTACCGGTTATTGAGAACCTGCAAAATCTGCTCAATGCAGGTGATGAATTGATGAAGTTCTCCGGCATTCTTTCTGGTTCGCTTTCTTATATCTTCGGCAAGTTAGACGAAGGCATGAGTTTCTCCGAGGCGACCACGCTGGCGCGGGAAATGGGTTATACCGAACCGGACCCGCGAGATGATCTTTCTGGTATGGATGTGGCGCGTAAACTATTGATTCTCGCTCGTGAAACGGGACGTGAACTGGAGCTGGCGGATATTGAAATTGAACCTGTGCTGCCCGCAGAGTTTAACGCCGAGGGTGATGTTGCCGCTTTTATGGCGAATCTGTCACAACTCGACGATCTCTTTGCCGCGCGCGTGGCGAAGGCCCGTGATGAAGGAAAAGTTTTGCGCTATGTTGGCAATATTGATGAAGATGGCGTCTGCCGCGTGAAGATTGCCGAAGTGGATGGTAATGATCCGCTGTTCAAAGTGAAAAATGGCGAAAACGCCCTGGCCTTCTATAGCCACTATTATCAGCCGCTGCCGTTGGTACTGCGCGGATATGGTGCGGGCAATGACGTTACAGCTGCCGGTGTCTTTGCTGATCTGCTACGTACCCTCTCATGGAAGTTAGGAGTCTGA"
"b0003","GTCTTTGCTGATCTGCTACGTACCCTCTCATGGAAGTTAGGAGTCTGACATGGTTAAAGTTTATGCCCCGGCTTCCAGTGCCAATATGAGCGTCGGGTTTGATGTGCTCGGGGCGGCGGTGACACCTGTTGATGGTGCATTGCTCGGAGATGTAGTCACGGTTGAGGCGGCAGAGACATTCAGTCTCAACAACCTCGGACGCTTTGCCGATAAGCTGCCGTCAGAACCACGGGAAAATATCGTTTATCAGTGCTGGGAGCGTTTTTGCCAGGAACTGGGTAAGCAAATTCCAGTGGCGATGACCCTGGAAAAGAATATGCCGATCGGTTCGGGCTTAGGCTCCAGTGCCTGTTCGGTGGTCGCGGCGCTGATGGCGATGAATGAACACTGCGGCAAGCCGCTTAATGACACTCGTTTGCTGGCTTTGATGGGCGAGCTGGAAGGCCGTATCTCCGGCAGCATTCATTACGACAACGTGGCACCGTGTTTTCTCGGTGGTATGCAGTTGATGATCGAAGAAAACGACATCATCAGCCAGCAAGTGCCAGGGTTTGATGAGTGGCTGTGGGTGCTGGCGTATCCGGGGATTAAAGTCTCGACGGCAGAAGCCAGGGCTATTTTACCGGCGCAGTATCGCCGCCAGGATTGCATTGCGCACGGGCGACATCTGGCAGGCTTCATTCACGCCTGCTATTCCCGTCAGCCTGAGCTTGCCGCGAAGCTGATGAAAGATGTTATCGCTGAACCCTACCGTGAACGGTTACTGCCAGGCTTCCGGCAGGCGCGGCAGGCGGTCGCGGAAATCGGCGCGGTAGCGAGCGGTATCTCCGGCTCCGGCCCGACCTTGTTCGCTCTGTGTGACAAGCCGGAAACCGCCCAGCGCGTTGCCGACTGGTTGGGTAAGAACTACCTGCAAAATCAGGAAGGTTTTGTTCATATTTGCCGGCTGGATACGGCGGGCGCACGAGTACTGGAAAACTAA"
"b0004","TCATATTTGCCGGCTGGATACGGCGGGCGCACGAGTACTGGAAAACTAAATGAAACTCTACAATCTGAAAGATCACAACGAGCAGGTCAGCTTTGCGCAAGCCGTAACCCAGGGGTTGGGCAAAAATCAGGGGCTGTTTTTTCCGCACGACCTGCCGGAATTCAGCCTGACTGAAATTGATGAGATGCTGAAGCTGGATTTTGTCACCCGCAGTGCGAAGATCCTCTCGGCGTTTATTGGTGATGAAATCCCACAGGAAATCCTGGAAGAGCGCGTGCGCGCGGCGTTTGCCTTCCCGGCTCCGGTCGCCAATGTTGAAAGCGATGTCGGTTGTCTGGAATTGTTCCACGGGCCAACGCTGGCATTTAAAGATTTCGGCGGTCGCTTTATGGCACAAATGCTGACCCATATTGCGGGTGATAAGCCAGTGACCATTCTGACCGCGACCTCCGGTGATACCGGAGCGGCAGTGGCTCATGCTTTCTACGGTTTACCGAATGTGAAAGTGGTTATCCTCTATCCACGAGGCAAAATCAGTCCACTGCAAGAAAAACTGTTCTGTACATTGGGCGGCAATATCGAAACTGTTGCCATCGACGGCGATTTCGATGCCTGTCAGGCGCTGGTGAAGCAGGCGTTTGATGATGAAGAACTGAAAGTGGCGCTAGGGTTAAACTCGGCTAACTCGATTAACATCAGCCGTTTGCTGGCGCAGATTTGCTACTACTTTGAAGCTGTTGCGCAGCTGCCGCAGGAGACGCGCAACCAGCTGGTTGTCTCGGTGCCAAGCGGAAACTTCGGCGATTTGACGGCGGGTCTGCTGGCGAAGTCACTCGGTCTGCCGGTGAAACGTTTTATTGCTGCGACCAACGTGAACGATACCGTGCCACGTTTCCTGCACGACGGTCAGTGGTCACCCAAAGCGACTCAGGCGACGTTATCCAACGCGATGGACGTGAGTCAGCCGAACAACTGGCCGCGTGTGGAAGAGTTGTTCCGCCGCAAAATCTGGCAACTGAAAGAGCTGGGTTATGCAGCCGTGGATGATGAAACCACGCAACAGACAATGCGTGAGTTAAAAGAACTGGGCTACACTTCGGAGCCGCACGCTGCCGTAGCTTATCGTGCGCTGCGTGATCAGTTGAATCCAGGCGAATATGGCTTGTTCCTCGGCACCGCGCATCCGGCGAAATTTAAAGAGAGCGTGGAAGCGATTCTCGGTGAAACGTTGGATCTGCCAAAAGAGCTGGCAGAACGTGCTGATTTACCCTTGCTTTCACATAATCTGCCCGCCGATTTTGCTGCGTTGCGTAAATTGATGATGAATCATCAGTAA"
"b0005","TAATCTCCGGATATCGACCCATAACGGGCAATGATAAAAGGAGTAACCTGTGAAAAAGATGCAATCTATCGTACTCGCACTTTCCCTGGTTCTGGTCGCTCCCATGGCAGCACAGGCTGCGGAAATTACGTTAGTCCCGTCAGTAAAATTACAGATAGGCGATCGTGATAATCGTGGCTATTACTGGGATGGAGGTCACTGGCGCGACCACGGCTGGTGGAAACAACATTATGAATGGCGAGGCAATCGCTGGCACCTACACGGACCGCCGCCACCGCCGCGCCACCATAAGAAAGCTCCTCATGATCATCACGGCGGTCATGGTCCAGGCAAACATCACCGCTAA"
"b0006","ATTCTCATTTTTTGCTAAAGTCGGCATAAATTTCCTGCAAGGACTGGATATGCTGATTCTTATTTCACCTGCGAAAACGCTTGATTACCAAAGCCCGTTGACCACCACGCGCTATACGCTGCCGGAGCTGTTAGACAATTCCCAGCAGTTGATCCATGAGGCGCGGAAACTGACGCCTCCGCAGATTAGCACGCTGATGCGCATCAGCGACAAACTGGCGGGTATCAACGCCGCTCGCTTTCATGACTGGCAGCCAGATTTCACGCCGGCGAATGCCCGCCAGGCGATTCTGGCGTTTAAAGGTGATGTCTACACCGGCTTGCAGGCCGAAACCTTCAGCGAAGACGATTTCGATTTTGCCCAACAGCATTTGCGAATGCTTTCCGGCTTGTATGGCGTACTCCGCCCGCTCGATTTAATGCAGCCTTATCGTCTGGAAATGGGGATCCGTCTTGAGAATGCCCGAGGGAAAGATCTGTATCAATTCTGGGGAGATATCATCACCAACAAGCTGAACGAGGCGCTCGCAGCACAAGGCGATAATGTGGTGATTAATCTGGCGTCAGATGAGTATTTTAAATCGGTGAAGCCGAAGAAATTGAATGCCGAGATTATCAAGCCGGTGTTCCTCGATGAGAAGAACGGCAAATTTAAGATCATCAGCTTCTACGCTAAGAAAGCACGCGGTCTGATGAGTCGTTTCATTATTGAAAATCGGCTGACCAAACCAGAGCAACTGACTGGTTTTAATAGCGAAGGTTACTTCTTTGATGAAGATTCCTCCAGCAATGGCGAACTGGTGTTTAAACGCTACGAGCAGCGTTAA"
"b0007","TAACGTTTACACAGGAAAGTCATCGCGACCGGCAATAAGAGGGATATGCATGCCAGATTTTTTCTCCTTCATTAACAGCGTCCTTTGGGGATCGGTAATGATTTACCTGCTCTTCGGCGCAGGTTGTTGGTTCACTTTTCGCACCGGATTTGTGCAGTTTCGCTACATCCGCCAGTTTGGCAAAAGTCTTAAAAATAGCATTCATCCACAGCCAGGCGGTTTAACCTCATTTCAGTCATTGTGTACCAGTCTTGCGGCGCGCGTGGGTAGCGGCAACCTGGCCGGCGTTGCGCTGGCTATTACCGCCGGTGGACCTGGAGCCGTCTTTTGGATGTGGGTTGCCGCGTTTATCGGCATGGCGACCTCGTTTGCCGAATGTTCTCTGGCACAACTTTATAAAGAACGTGACGTCAATGGGCAGTTTCGTGGCGGACCGGCATGGTATATGGCGCGCGGGCTGGGGATGCGCTGGATGGGCGTTCTGTTCGCCGTCTTTTTGCTCATCGCCTATGGCATAATTTTCAGCGGAGTTCAAGCGAACGCCGTTGCCCGCGCCCTGAGTTTTTCTTTTGATTTTCCCCCGCTGGTGACAGGCATTATTCTCGCTGTCTTTACTCTGCTGGCAATCACTCGCGGTCTTCATGGCGTCGCCCGGCTCATGCAGGGCTTTGTCCCGTTGATGGCGATAATCTGGGTACTGACCAGCCTGGTAATTTGCGTAATGAATATCGGGCAACTTCCCCACGTCATTTGGTCTATTTTTGAGAGTGCTTTTGGCTGGCAGGAAGCGGCAGGCGGCGCGGCGGGATATACCTTAAGCCAGGCGATTACTAACGGTTTTCAGCGCAGTATGTTTTCCAATGAGGCGGGAATGGGTTCGACGCCAAACGCGGCAGCGGCAGCGGCGTCCTGGCCTCCGCATCCGGCAGCGCAAGGGATTGTCCAGATGATTGGCATTTTTATCGACACCCTGGTCATCTGTACGGCAAGCGCCATGCTGATATTACTGGCGGGTAACGGCACAACCTACATGCCGCTGGAAGGTATTCAGCTTATCCAGAAGGCGATGCGGGTGCTAATGGGTTCCTGGGGTGCTGAGTTTGTTACCCTTGTGGTTATTCTGTTTGCCTTCAGCTCCATCGTTGCCAACTACATTTATGCCGAAAACAATCTCTTCTTTTTACGCCTGAACAACCCTAAAGCGATCTGGTGTTTGCGGATCTGCACCTTCGCAACGGTCATCGGCGGCACCTTGCTAAGCCTTCCGCTGATGTGGCAACTGGCAGATATCATAATGGCCTGCATGGCTATTACCAATTTGACCGCCATTTTACTGCTCTCGCCTGTGGTTCATACCATTGCCAGTGATTATCTACGCCAGCGTAAACTCGGCGTGCGCCCGGTGTTTGATCCATTGCGTTATCCGGATATCGGTCGCCAGCTTTCTCCGGACGCGTGGGATGATGTTTCGCAGGAGTAA"
"b0008","GCAGACCGGTTACATCCCCCTAACAAGCTGTTTAAAGAGAAATACTATCATGACGGACAAATTGACCTCCCTTCGTCAGTACACCACCGTAGTGGCCGACACTGGGGACATCGCGGCAATGAAGCTGTATCAACCGCAGGATGCCACAACCAACCCTTCTCTCATTCTTAACGCAGCGCAGATTCCGGAATACCGTAAGTTGATTGATGATGCTGTCGCCTGGGCGAAACAGCAGAGCAACGATCGCGCGCAGCAGATCGTGGACGCGACCGACAAACTGGCAGTAAATATTGGTCTGGAAATCCTGAAACTGGTTCCGGGCCGTATCTCAACTGAAGTTGATGCGCGTCTTTCCTATGACACCGAAGCGTCAATTGCGAAAGCAAAACGCCTGATCAAACTCTACAACGATGCTGGTATTAGCAACGATCGTATTCTGATCAAACTGGCTTCTACCTGGCAGGGTATCCGTGCTGCAGAACAGCTGGAAAAAGAAGGCATCAACTGTAACCTGACCCTGCTGTTCTCCTTCGCTCAGGCTCGTGCTTGTGCGGAAGCGGGCGTGTTCCTGATCTCGCCGTTTGTTGGCCGTATTCTTGACTGGTACAAAGCGAATACCGATAAGAAAGAGTACGCTCCGGCAGAAGATCCGGGCGTGGTTTCTGTATCTGAAATCTACCAGTACTACAAAGAGCACGGTTATGAAACCGTGGTTATGGGCGCAAGCTTCCGTAACATCGGCGAAATTCTGGAACTGGCAGGCTGCGACCGTCTGACCATCGCACCGGCACTGCTGAAAGAGCTGGCGGAGAGCGAAGGGGCTATCGAACGTAAACTGTCTTACACCGGCGAAGTGAAAGCGCGTCCGGCGCGTATCACTGAGTCCGAGTTCCTGTGGCAGCACAACCAGGATCCAATGGCAGTAGATAAACTGGCGGAAGGTATCCGTAAGTTTGCTATTGACCAGGAAAAACTGGAAAAAATGATCGGCGATCTGCTGTAA"
"b0009","CGCAGTGTATCATTCTGTTTAACGAGACTGTTTAAACGGAAAAATCTTGATGAATACTTTACGTATTGGCTTAGTTTCCATCTCTGATCGCGCATCCAGCGGCGTTTATCAGGATAAAGGCATCCCTGCGCTGGAAGAATGGCTGACATCGGCGCTAACCACGCCGTTTGAACTGGAAACCCGCTTAATCCCCGATGAGCAGGCGATCATCGAGCAAACGTTGTGTGAGCTGGTGGATGAAATGAGTTGCCATCTGGTGCTCACCACGGGCGGAACTGGCCCGGCGCGTCGTGACGTAACGCCCGATGCGACGCTGGCAGTAGCGGACCGCGAGATGCCTGGCTTTGGTGAACAGATGCGCCAGATCAGCCTGCATTTTGTACCAACTGCGATCCTTTCGCGTCAGGTGGGCGTGATTCGCAAACAGGCGCTGATCCTTAACTTACCCGGTCAGCCGAAGTCTATTAAAGAGACGCTGGAAGGTGTGAAGGACGCTGAGGGTAACGTTGTGGTACACGGTATTTTTGCCAGCGTACCGTACTGCATTCAGTTGCTGGAAGGGCCATACGTTGAAACGGCACCGGAAGTGGTTGCAGCATTCAGACCGAAGAGTGCAAGACGCGACGTTAGCGAATAA"
"b0010","TTCAGGGAAATTATTTCACCATTCATTCGATGATGATTTTTGAGGAATTATGGGCAACACTAAGTTGGCTAATCCGGCACCGCTGGGCCTGATGGGCTTCGGCATGACCACCATTCTGCTTAACCTGCACAACGTGGGTTATTTCGCTCTGGACGGTATTATTCTTGCCATGGGCATTTTCTACGGCGGCATCGCGCAAATTTTTGCTGGTCTGCTGGAGTACAAAAAAGGCAACACTTTCGGTTTAACCGCATTCACCTCTTACGGTTCTTTCTGGCTGACGCTGGTTGCGATTCTGCTGATGCCGAAACTGGGTCTGACCGATGCGCCAAATGCACAGTTCCTTGGTGTCTACCTGGGTCTGTGGGGCGTATTTACGCTGTTTATGTTCTTCGGCACGCTGAAAGGCGCACGCGTTCTGCAATTCGTTTTCTTTAGCCTGACCGTGCTGTTTGCCCTGCTGGCGATCGGTAACATTGCCGGTAACGCCGCAATCATCCACTTTGCCGGCTGGATTGGGCTGATCTGCGGTGCCAGCGCAATCTATCTGGCGATGGGTGAAGTACTGAACGAGCAGTTTGGTCGCACCGTTCTGCCGATTGGTGAATCCCACTAA"
"b0011","CTGAAAATTATCGGCGACGACTAACGCCAGAATATAGAAGCCACAAAAAATGAATGTTAATTACCTGAATGATTCAGATCTGGATTTTCTTCAGCATTGTAGTGAGGAACAGTTGGCAAATTTCGCCCGATTGCTCACCCATAATGAAAAAGGCAAAACTCGCCTCTCCAGCGTACTGATGCGCAACGAACTGTTTAAATCGATGGAAGGGCATCCCGAGCAACATCGCCGCAACTGGCAGCTGATTGCCGGAGAATTACAGCATTTTGGTGGCGATAGTATCGCCAACAAACTGCGCGGACACGGTAAATTGTATCGGGCCATTTTGCTCGATGTTTCAAAGCGATTGAAGCTGAAAGCCGACAAAGAGATGTCTACGTTTGAAATTGAGCAACAGTTACTGGAACAATTTCTGCGTAATACCTGGAAGAAAATGGACGAGGAACATAAGCAGGAGTTTCTGCACGCGGTCGATGCCAGGGTGAATGAGCTGGAAGAGCTGCTGCCGCTGCTGATGAAAGACAAATTATTGGCAAAAGGTGTGTCGCATTTGCTTTCCAGCCAACTGACCCGCATTTTACGCACCCACGCAGCAATGAGCGTACTTGGGCATGGTTTGCTGCGCGGCGCGGGGCTGGGAGGCCCTGTAGGTGCGGCACTAAATGGGGTTAAAGCGGTCAGCGGCAGCGCCTATCGCGTGACGATTCCAGCCGTACTGCAAATCGCCTGCCTGCGCCGGATGGTTAGCGCCACTCAGGTCTGA"
"b0013","AAACTAGTGGGTATTCATCCCCCTACCTCTTCCCACTAAGAGAATCCTTATGAAATCCGTTTTTACGATTTCCGCCAGCCTGGCGATTAGCCTGATGCTGTGCTGCACGGCGCAGGCAAACGACCATAAACTCCTCGGCGCCATTGCAATGCCGCGTAACGAAACCAACGATCTGGCGCTGAAACTTCCTGTTTGTCGCATTGTGAAACGCATACAACTCTCTGCCGACCATGGCGATTTACAGTTAAGCGGTGCATCGGTTTATTTCAAAGCCGCCCGTAGCGCCAGTCAGAGCCTGAATATTCCTTCAGAAATAAAAGAAGGGCAAACCACTGACTGGATCAACATTAACAGCGATAACGACAATAAACGCTGCGTCTCAAAAATCACCTTTTCGGGTCATACGGTGAACTCATCGGATATGGCCACGCTGAAAATTATCGGCGACGACTAA"
"b0014","TACAGACTCACAACCACATGATGACCGAATATATAGTGGAGACGTTTAGATGGGTAAAATAATTGGTATCGACCTGGGTACTACCAACTCTTGTGTAGCGATTATGGATGGCACCACTCCTCGCGTGCTGGAGAACGCCGAAGGCGATCGCACCACGCCTTCTATCATTGCCTATACCCAGGATGGTGAAACTCTAGTTGGTCAGCCGGCTAAACGTCAGGCAGTGACGAACCCGCAAAACACTCTGTTTGCGATTAAACGCCTGATTGGTCGCCGCTTCCAGGACGAAGAAGTACAGCGTGATGTTTCCATCATGCCGTTCAAAATTATTGCTGCTGATAACGGCGACGCATGGGTCGAAGTTAAAGGCCAGAAAATGGCACCGCCGCAGATTTCTGCTGAAGTGCTGAAAAAAATGAAGAAAACCGCTGAAGATTACCTGGGTGAACCGGTAACTGAAGCTGTTATCACCGTACCGGCATACTTTAACGATGCTCAGCGTCAGGCAACCAAAGACGCAGGCCGTATCGCTGGTCTGGAAGTAAAACGTATCATCAACGAACCGACCGCAGCTGCGCTGGCTTACGGTCTGGACAAAGGCACTGGCAACCGTACTATCGCGGTTTATGACCTGGGTGGTGGTACTTTCGATATTTCTATTATCGAAATCGACGAAGTTGACGGCGAAAAAACCTTCGAAGTTCTGGCAACCAACGGTGATACCCACCTGGGGGGTGAAGACTTCGACAGCCGTCTGATCAACTATCTGGTTGAAGAATTCAAGAAAGATCAGGGCATTGACCTGCGCAACGATCCGCTGGCAATGCAGCGCCTGAAAGAAGCGGCAGAAAAAGCGAAAATCGAACTGTCTTCCGCTCAGCAGACCGACGTTAACCTGCCATACATCACTGCAGACGCGACCGGTCCGAAACACATGAACATCAAAGTGACTCGTGCGAAACTGGAAAGCCTGGTTGAAGATCTGGTAAACCGTTCCATTGAGCCGCTGAAAGTTGCACTGCAGGACGCTGGCCTGTCCGTATCTGATATCGACGACGTTATCCTCGTTGGTGGTCAGACTCGTATGCCAATGGTTCAGAAGAAAGTTGCTGAGTTCTTTGGTAAAGAGCCGCGTAAAGACGTTAACCCGGACGAAGCTGTAGCAATCGGTGCTGCTGTTCAGGGTGGTGTTCTGACTGGTGACGTAAAAGACGTACTGCTGCTGGACGTTACCCCGCTGTCTCTGGGTATCGAAACCATGGGCGGTGTGATGACGACGCTGATCGCGAAAAACACCACTATCCCGACCAAGCACAGCCAGGTGTTCTCTACCGCTGAAGACAACCAGTCTGCGGTAACCATCCATGTGCTGCAGGGTGAACGTAAACGTGCGGCTGATAACAAATCTCTGGGTCAGTTCAACCTAGATGGTATCAACCCGGCACCGCGCGGCATGCCGCAGATCGAAGTTACCTTCGATATCGATGCTGACGGTATCCTGCACGTTTCCGCGAAAGATAAAAACAGCGGTAAAGAGCAGAAGATCACCATCAAGGCTTCTTCTGGTCTGAACGAAGATGAAATCCAGAAAATGGTACGCGACGCAGAAGCTAACGCCGAAGCTGACCGTAAGTTTGAAGAGCTGGTACAGACTCGCAACCAGGGCGACCATCTGCTGCACAGCACCCGTAAGCAGGTTGAAGAAGCAGGCGACAAACTGCCGGCTGACGACAAAACTGCTATCGAGTCTGCGCTGACTGCACTGGAAACTGCTCTGAAAGGTGAAGACAAAGCCGCTATCGAAGCGAAAATGCAGGAACTGGCACAGGTTTCCCAGAAACTGATGGAAATCGCCCAGCAGCAACATGCCCAGCAGCAGACTGCCGGTGCTGATGCTTCTGCAAACAACGCGAAAGATGACGATGTTGTCGACGCTGAATTTGAAGAAGTCAAAGACAAAAAATAA"
"b0015","GGGAATTTCCTCTCCGCCCGTGCATTCATCTAGGGGCAATTTAAAAAAGATGGCTAAGCAAGATTATTACGAGATTTTAGGCGTTTCCAAAACAGCGGAAGAGCGTGAAATCAGAAAGGCCTACAAACGCCTGGCCATGAAATACCACCCGGACCGTAACCAGGGTGACAAAGAGGCCGAGGCGAAATTTAAAGAGATCAAGGAAGCTTATGAAGTTCTGACCGACTCGCAAAAACGTGCGGCATACGATCAGTATGGTCATGCTGCGTTTGAGCAAGGTGGCATGGGCGGCGGCGGTTTTGGCGGCGGCGCAGACTTCAGCGATATTTTTGGTGACGTTTTCGGCGATATTTTTGGCGGCGGACGTGGTCGTCAACGTGCGGCGCGCGGTGCTGATTTACGCTATAACATGGAGCTCACCCTCGAAGAAGCTGTACGTGGCGTGACCAAAGAGATCCGCATTCCGACTCTGGAAGAGTGTGACGTTTGCCACGGTAGCGGTGCAAAACCAGGTACACAGCCGCAGACTTGTCCGACCTGTCATGGTTCTGGTCAGGTGCAGATGCGCCAGGGATTCTTCGCTGTACAGCAGACCTGTCCACACTGTCAGGGCCGCGGTACGCTGATCAAAGATCCGTGCAACAAATGTCATGGTCATGGTCGTGTTGAGCGCAGCAAAACGCTGTCCGTTAAAATCCCGGCAGGGGTGGACACTGGAGACCGCATCCGTCTTGCGGGCGAAGGTGAAGCGGGCGAGCATGGCGCACCGGCAGGCGATCTGTACGTTCAGGTTCAGGTTAAACAGCACCCGATTTTCGAGCGTGAAGGCAACAACCTGTATTGCGAAGTCCCGATCAACTTCGCTATGGCGGCGCTGGGTGGCGAAATCGAAGTACCGACCCTTGATGGTCGCGTCAAACTGAAAGTGCCTGGCGAAACCCAGACCGGTAAGCTATTCCGTATGCGCGGTAAAGGCGTCAAGTCTGTCCGCGGTGGCGCACAGGGTGATTTGCTGTGCCGCGTTGTCGTCGAAACACCGGTAGGCCTGAACGAAAGGCAGAAACAGCTGCTGCAAGAGCTGCAAGAAAGCTTCGGTGGCCCAACCGGCGAGCACAACAGCCCGCGCTCAAAGAGCTTCTTTGATGGTGTGAAGAAGTTTTTTGACGACCTGACCCGCTAA"
"b0016","CGCTAACTTAAGGGTTGTGGTATTACGCCTGATATGATTTAACGTGCCGATGAATTACTCTCACGATAACTGGTCAGCAATTCTGGCCCATATTGGTAAGCCCGAAGAACTGGATACTTCGGCACGTAATGCCGGGGCTCTAACCCGCCGCCGCGAAATTCGTGATGCTGCAACTCTGCTACGTCTGGGGCTGGCTTACGGCCCCGGGGGGATGTCATTACGTGAAGTCACTGCATGGGCTCAGCTCCATGACGTTGCAACATTATCTGACGTGGCTCTCCTGAAGCGGCTGCGGAATGCCGCCGACTGGTTTGGCATACTTGCCGCACAAACACTTGCTGTACGCGCCGCAGTTACGGGTTGTACAAGCGGAAAGAGATTGCGTCTTGTCGATGGAACAGCAATCAGTGCGCCCGGGGGCGGCAGCGCTGAATGGCGACTACATATGGGATATGATCCTCATACCTGTCAGTTCACTGATTTTGAGCTAACCGACAGCAGAGACGCTGAACGGCTGGACCGATTTGCGCAAACGGCAGACGAGATACGCATTGCTGACCGGGGATTCGGTTCGCGTCCCGAATGTATCCGCTCACTTGCTTTTGGAGAAGCTGATTATATCGTCCGGGTTCACTGGCGAGGATTGCGCTGGTTAACTGCAGAAGGAATGCGCTTTGACATGATGGGTTTTCTGCGCGGGCTGGATTGCGGTAAGAACGGTGAAACCACTGTAATGATAGGCAATTCAGGTAATAAAAAAGCCGGAGCTCCCTTTCCGGCACGTCTCATTGCCGTATCACTTCCTCCCGAAAAAGCATTAATCAGTAAAACCCGACTGCTCAGCGAGAATCGTCGAAAAGGACGAGTAGTTCAGGCGGAAACGCTGGAAGCAGCGGGCCATGTGCTATTGCTAACATCATTACCGGAAGATGAATATTCAGCAGAGCAAGTGGCTGATTGTTACCGTCTGCGATGGCAAATTGAACTGGCTTTTAAGCGGCTCAAAAGTTTGCTGCACCTGGATGCTTTGCGTGCAAAGGAACCTGAACTCGCGAAAGCGTGGATATTTGCTAATCTACTCGCCGCATTTTTAATTGACGACATAATCCAGCCATCGCTGGATTTCCCCCCCAGAAGTGCCGGATCCGAAAAGAAGAACTAA"
"b0018","TAGAGAAAAGCCCCGAGTGATATTTTACCATCAACCCGAGGCCTCCTATATGCTGAACACATGTAGAGTGCCTCTTACTGACCGTAAGGTCAAGGAGAAGAGAGCAATGAAGCAGCATAAGGCGATGATTGTCGCCCTGATCGTCATCTGTATCACCGCCGTAGTGGCGGCGCTGGTAACGAGAAAAGACCTCTGTGAGGTTCACATCCGAACTGGCCAGACGGAGGTTGCTGTTTTCACGGCTTACGAATCCGAGTAA"
"b4412","CACATGTAGAGTGCCTCTTACTGACCGTAAGGTCAAGGAGAAGAGAGCAATGAAGCAGCATAAGGCGATGATTGTCGCCCTGATCGTCATCTGTATCACCGCCGTAGTGGCGGCGCTGGTAACGAGAAAAGACCTCTGTGAGGTTCACATCCGAACTGGCCAGACGGAGGTTGCTGTTTTCACGGCTTACGAATCCGAGTAA"
"b0019","CGGGGTAAAATAGTAAAAACGATCTATTCACCTGAAAGAGAAATAAAAAGTGAAACATCTGCATCGATTCTTTAGCAGTGATGCCTCGGGAGGCATTATTCTTATCATTGCCGCTATCCTGGCGATGATTATGGCCAACAGCGGCGCAACCAGTGGATGGTATCACGACTTTCTGGAGACGCCGGTTCAGCTCCGGGTTGGTTCACTCGAAATCAACAAAAACATGCTGTTATGGATAAATGACGCGCTGATGGCGGTATTTTTCCTGTTAGTCGGTCTGGAAGTTAAACGTGAACTGATGCAAGGATCGCTAGCCAGCTTACGCCAGGCCGCATTTCCAGTTATCGCCGCTATTGGTGGGATGATTGTGCCGGCATTACTCTATCTGGCTTTTAACTATGCCGATCCGATTACCCGCGAAGGGTGGGCGATCCCGGCGGCTACTGACATTGCTTTTGCACTTGGTGTACTGGCGCTGTTGGGAAGTCGTGTTCCGTTAGCGCTGAAGATCTTTTTGATGGCTCTGGCTATTATCGACGATCTTGGGGCCATCATTATCATCGCATTGTTCTACACTAATGACTTATCGATGGCCTCTCTTGGCGTCGCGGCTGTAGCAATTGCGGTACTCGCGGTATTGAATCTGTGTGGTGCACGCCGCACGGGCGTCTATATTCTTGTTGGCGTGGTGTTGTGGACTGCGGTGTTGAAATCGGGGGTTCACGCAACTCTGGCGGGGGTAATTGTCGGCTTCTTTATTCCTTTGAAAGAGAAGCATGGGCGTTCTCCAGCGAAGCGACTGGAGCATGTGTTGCACCCGTGGGTGGCGTATCTGATTTTGCCGCTGTTTGCATTTGCTAATGCTGGCGTTTCACTGCAAGGCGTCACGCTGGATGGCTTGACCTCCATTCTGCCATTGGGGATCATCGCTGGCTTGCTGATTGGCAAACCGCTGGGGATTAGTCTGTTCTGCTGGTTGGCGCTGCGTTTGAAACTGGCGCATCTGCCTGAGGGAACGACTTATCAGCAAATTATGGTGGTGGGGATCCTGTGCGGTATCGGTTTTACTATGTCTATCTTTATTGCCAGCCTGGCCTTTGGTAGCGTAGATCCAGAACTGATTAACTGGGCGAAACTCGGTATCCTGGTCGGTTCTATCTCTTCGGCGGTAATTGGATACAGCTGGTTACGCGTTCGTTTGCGTCCATCAGTTTGA"
"b0020","TACCGGGGAGCCATAAACGGCTCCCTTTTCATTGTTATCAGGGAGAGAAATGAGCATGTCTCATATCAATTACAACCACTTGTATTACTTCTGGCATGTCTATAAAGAAGGTTCCGTGGTTGGCGCAGCGGAGGCGCTTTATTTAACTCCACAAACCATTACCGGACAGATTCGAGCGCTGGAAGAGCGCCTGCAAGGCAAATTATTTAAACGCAAGGGACGTGGTCTCGAACCCAGCGAGCTGGGAGAACTGGTCTATCGCTATGCCGATAAAATGTTCACCTTAAGCCAGGAAATGCTGGATATTGTGAACTATCGCAAAGAATCCAATTTATTGTTTGACGTTGGCGTGGCTGATGCACTTTCCAAACGCCTGGTCAGTAGCGTACTTAACGCCGCAGTGGTAGAAGGCGAGCCCATTCATCTTCGCTGCTTCGAATCCACCCACGAAATGCTGCTGGAGCAATTAAGTCAGCATAAACTGGATATGATCATTTCTGACTGTCCGATAGACTCTACGCAGCAGGAAGGCCTGTTCTCCGTGAGAATTGGCGAATGTGGCGTGAGTTTCTGGTGTACAAATCCACCACCAGAAAAACCGTTCCCGGCTTGTCTGGAAGAACGGCGACTTTTGATTCCTGGGCGACGTTCAATGTTAGGGCGCAAATTGCTTAACTGGTTTAACTCCCAGGGATTAAACGTAGAAATCCTCGGCGAGTTTGATGATGCCGCTTTGATGAAAGCTTTTGGTGCGATGCACAATGCAATCTTCGTTGCCCCAACGCTTTATGCATATGACTTTTATGCCGATAAAACTGTCGTAGAAATTGGTCGCGTCGAGAATGTGATGGAAGAGTACCATGCTATTTTTGCTGAGCGGATGATTCAGCACCCGGCGGTACAGCGAATCTGCAATACGGATTATTCTGCGCTTTTTAGTCCAGCGGTGCGTTAA"
"b0021","AACCCGGTACGCACCAGAAAATCATTGATATGGCCATGAATGGCGTTGGATGCCGGGCAACAGCCCGCATTATGGGCGTTGGCCTCAACACGATTTTACGTCACTTAAAAAACTCAGGCCGCAGTCGGTAACCTCGCGCATACAGCCGGGCAGTGACGTCATCGTCTGCGCGGAAATGGACGAACAGTGGGGCTATGTCGGGGCTAAATCGCGCCAGCGCTGGCTGTTTTACGCGTATGACAGTCTCCGGAAGACGGTTGTTGCGCACGTATTCGGTGAACGCACTATGGCGACGCTGGGGCGTCTTATGAGCCTGCTGTCACCCTTTGACGTGGTGATATGGATGACGGATGGCTGGCCGCTGTATGAATCCCGCCTGAAGGGAAAGCTGCACGTAATCAGCAAGCGATATACGCAGCGAATTGAGCGGCATAACCTGAATCTGAGGCAGCACCTGGCACGGCTGGGACGGAAGTCGCTGTCGTTCTCAAAATCGGTGGAGCTGCATGACAAAGTCATCGGGCATTATCTGAACATAAAACACTATCAATAA"
"b0022","GCTGCCAACTTACTGATTTAGTGTATGATGGTGTTTTTGAGGTGCTCCAGTGGCTTCTGTTTCTATCAGCTGTCCCTCCTGTTCAGCTACTGACGGGGTGGTGCGTAACGGCAAAAGCACCGCCGGACATCAGCGCTATCTCTGCTCTCACTGCCGTAAAACATGGCAACTGCAGTTCACTTACACCGCTTCTCAACCCGGTACGCACCAGAAAATCATTGATATGGCCATGAATGGCGTTGGATGCCGGGCAACAGCCCGCATTATGGGCGTTGGCCTCAACACGATTTTACGTCACTTAAAAAACTCAGGCCGCAGTCGGTAA"
"b0023","TTCCTCGGCCTTTGAATTGTCCATATAGAACACATTTGGGAGTTGGACCTTGGCTAATATCAAATCAGCTAAGAAGCGCGCCATTCAGTCTGAAAAGGCTCGTAAGCACAACGCAAGCCGTCGCTCTATGATGCGTACTTTCATCAAGAAAGTATACGCAGCTATCGAAGCTGGCGACAAAGCTGCTGCACAGAAAGCATTTAACGAAATGCAACCGATCGTGGACCGTCAGGCTGCTAAAGGTCTGATCCACAAAAACAAAGCTGCACGTCATAAGGCTAACCTGACTGCACAGATCAACAAACTGGCTTAA"
"b0024","CCCTTTTAGCCTTCTTTTGTCAATGGATTTGTGCAAATAAGCGCCGTTAATGTGCCGGCACTCGTTACGTAGTGATGGCGCAGGATTCTACCAGCTTGCGGGGTGTGAATACAGCTTTTCCGCGATAAAAATTGCAGCAGGCGGTCAGTTTCTTCCCGTGATTTGCGCCATGGCAATGAAAAGCCACTTCTTTCTGATTTCGGTACTCAATCGCCGGTTAACCTTGACCGCTGTACAAGGTATACTCGGACGATTTTCACTGTTTTGA"
"b0025","ACCGCTGTACAAGGTATACTCGGACGATTTTCACTGTTTTGAGCCAGACATGAAGCTGATACGCGGCATACATAATCTCAGCCAGGCCCCGCAAGAAGGGTGTGTGCTGACTATTGGTAATTTCGACGGCGTGCATCGCGGTCATCGCGCGCTGTTACAGGGCTTGCAGGAAGAAGGGCGCAAGCGCAACTTACCGGTGATGGTGATGCTTTTTGAACCTCAACCACTGGAACTGTTTGCTACCGATAAAGCCCCGGCAAGACTGACCCGGCTGCGGGAAAAACTGCGTTACCTTGCAGAGTGTGGCGTTGATTACGTGCTGTGCGTGCGTTTCGACAGGCGTTTCGCGGCGTTAACCGCGCAAAATTTCATCAGCGATCTTCTGGTGAAGCATTTGCGCGTAAAATTTCTTGCCGTAGGTGATGATTTCCGCTTTGGCGCTGGTCGTGAAGGCGATTTCTTGTTATTACAGAAAGCTGGCATGGAATACGGCTTCGATATCACCAGTACGCAAACTTTTTGCGAAGGTGGCGTGCGCATCAGCAGCACCGCCGTGCGTCAGGCCCTTGCGGATGACAATCTGGCTCTGGCAGAGAGTTTACTGGGGCACCCGTTTGCCATCTCCGGGCGTGTAGTCCACGGTGATGAATTAGGGCGCACTATAGGTTTCCCGACGGCGAATGTACCGCTGCGCCGTCAGGTTTCCCCGGTGAAAGGGGTTTATGCGGTAGAAGTGCTGGGCCTCGGTGAAAAGCCGTTACCCGGCGTGGCAAACATCGGAACACGCCCAACGGTTGCCGGTATTCGCCAGCAGCTGGAAGTGCATTTGTTAGATGTTGCAATGGACCTTTACGGTCGCCATATACAAGTAGTGCTGCGTAAAAAAATACGCAATGAGCAGCGATTTGCGTCGCTGGACGAACTGAAAGCGCAGATTGCGCGTGATGAATTAACCGCCCGCGAATTTTTTGGGCTAACAAAACCGGCTTAA"
"b0026","GGCTTAAGCCTGTTATGTAATCAAACCGAAATACGGAACCGAGAATCTGATGAGTGACTATAAATCAACCCTGAATTTGCCGGAAACAGGGTTCCCGATGCGTGGCGATCTCGCCAAGCGCGAACCCGGAATGCTGGCGCGTTGGACTGATGATGATCTGTACGGCATCATCCGTGCGGCTAAAAAAGGCAAAAAAACCTTCATTCTGCATGATGGCCCTCCTTATGCGAATGGCAGCATTCATATTGGTCACTCGGTTAACAAGATTCTGAAAGACATTATCGTGAAGTCCAAAGGGCTTTCCGGTTATGACTCGCCGTATGTGCCTGGCTGGGACTGCCACGGTCTGCCGATCGAGCTGAAAGTCGAGCAAGAATACGGTAAGCCGGGTGAGAAATTCACCGCCGCCGAGTTCCGCGCCAAGTGCCGCGAATACGCGGCGACCCAGGTTGACGGTCAACGCAAAGACTTTATCCGTCTGGGCGTGCTGGGCGACTGGTCGCACCCGTACCTGACCATGGACTTCAAAACTGAAGCCAACATCATCCGCGCGCTGGGCAAAATCATCGGCAACGGTCACCTGCACAAAGGCGCGAAGCCAGTTCACTGGTGCGTTGACTGCCGTTCTGCGCTGGCGGAAGCGGAAGTTGAGTATTACGACAAAACTTCTCCGTCCATCGACGTTGCTTTCCAGGCAGTCGATCAGGATGCACTGAAAGCAAAATTTGCCGTAAGCAACGTTAACGGCCCAATCTCGCTGGTAATCTGGACCACCACGCCGTGGACTCTGCCTGCCAACCGCGCAATCTCTATTGCACCAGATTTCGACTATGCGCTGGTGCAGATCGACGGTCAGGCCGTGATTCTGGCGAAAGATCTGGTTGAAAGCGTAATGCAGCGTATCGGCGTGACCGATTACACCATTCTCGGCACGGTAAAAGGTGCGGAGCTTGAGCTGCTGCGCTTTACCCATCCGTTTATGGGCTTCGACGTTCCGGCAATCCTCGGCGATCACGTTACCCTGGATGCCGGTACCGGTGCCGTTCACACCGCGCCTGGCCACGGCCCGGACGACTATGTGATCGGTCAGAAATACGGCCTGGAAACCGCTAACCCGGTTGGCCCGGACGGCACTTATCTGCCGGGCACTTATCCGACGCTGGATGGCGTGAACGTCTTCAAAGCGAACGACATCGTCGTTGCGCTGCTGCAGGAAAAAGGCGCGCTGCTGCACGTTGAGAAAATGCAGCACAGCTATCCGTGCTGCTGGCGTCACAAAACGCCGATCATCTTCCGCGCGACGCCGCAGTGGTTCGTCAGCATGGATCAGAAAGGTCTGCGTGCGCAGTCACTGAAAGAGATCAAAGGCGTGCAGTGGATCCCGGACTGGGGCCAGGCGCGTATCGAGTCGATGGTTGCTAACCGTCCTGACTGGTGTATCTCCCGTCAGCGCACCTGGGGTGTACCGATGTCACTGTTCGTGCACAAAGACACGGAAGAGCTGCATCCGCGTACCCTTGAACTGATGGAAGAAGTGGCAAAACGCGTTGAAGTCGATGGCATCCAGGCGTGGTGGGATCTCGATGCGAAAGAGATCCTCGGCGACGAAGCTGATCAGTACGTGAAAGTGCCGGACACATTGGATGTATGGTTTGACTCCGGATCTACCCACTCTTCTGTTGTTGACGTGCGTCCGGAATTTGCCGGTCACGCAGCGGACATGTATCTGGAAGGTTCTGACCAACACCGCGGCTGGTTCATGTCTTCCCTAATGATCTCCACCGCGATGAAGGGTAAAGCGCCGTATCGTCAGGTACTGACCCACGGCTTTACCGTGGATGGTCAGGGCCGCAAGATGTCTAAATCCATCGGCAATACCGTTTCGCCGCAGGATGTGATGAACAAACTGGGCGCGGATATTCTGCGTCTGTGGGTGGCATCAACCGACTACACCGGTGAAATGGCCGTTTCTGACGAGATCCTGAAACGTGCTGCCGATAGCTATCGTCGTATCCGTAACACCGCGCGCTTCCTGCTGGCAAACCTGAACGGTTTTGATCCAGCAAAAGATATGGTGAAACCGGAAGAGATGGTGGTACTGGATCGCTGGGCCGTAGGTTGTGCGAAAGCGGCACAGGAAGACATCCTCAAGGCGTACGAAGCATACGATTTCCACGAAGTGGTACAGCGTCTGATGCGCTTCTGCTCCGTTGAGATGGGTTCCTTCTACCTCGACATCATCAAAGACCGTCAGTACACCGCCAAAGCGGACAGTGTGGCGCGTCGTAGCTGCCAGACTGCGCTATATCACATCGCAGAAGCGCTGGTGCGCTGGATGGCACCAATCCTCTCCTTCACCGCTGATGAAGTGTGGGGCTACCTGCCGGGCGAACGTGAAAAATACGTCTTCACCGGTGAGTGGTACGAAGGCCTGTTTGGCCTGGCAGACAGTGAAGCGATGAACGATGCGTTCTGGGACGAGCTGTTGAAAGTGCGTGGCGAAGTGAACAAAGTCATTGAGCAAGCGCGTGCCGACAAGAAAGTGGGTGGCTCGCTGGAAGCGGCAGTAACCTTGTATGCAGAACCGGAACTGTCGGCGAAACTGACCGCGCTGGGCGATGAATTACGATTTGTCCTGTTGACCTCCGGCGCTACCGTTGCAGACTATAACGACGCACCTGCTGATGCTCAGCAGAGCGAAGTACTCAAAGGGCTGAAAGTCGCGTTGAGTAAAGCCGAAGGTGAGAAGTGCCCACGCTGCTGGCACTACACCCAGGATGTCGGCAAGGTGGCGGAACACGCAGAAATCTGCGGCCGCTGTGTCAGCAACGTCGCCGGTGACGGTGAAAAACGTAAGTTTGCCTGA"
"b0027","GCTGTGTCAGCAACGTCGCCGGTGACGGTGAAAAACGTAAGTTTGCCTGATGAGTCAATCGATCTGTTCAACAGGGCTACGCTGGCTGTGGCTGGTGGTAGTCGTGCTGATTATCGATCTGGGCAGCAAATACCTGATCCTCCAGAACTTTGCTCTGGGGGATACGGTCCCGCTGTTCCCGTCGCTTAATCTGCATTATGCGCGTAACTATGGCGCGGCGTTTAGTTTCCTTGCCGATAGCGGCGGCTGGCAGCGTTGGTTCTTTGCCGGTATTGCGATTGGTATTAGCGTGATCCTGGCAGTGATGATGTATCGCTCGAAGGCCACGCAGAAGCTAAACAATATCGCTTACGCGCTGATTATTGGCGGCGCGCTGGGCAACCTGTTCGACCGCCTGTGGCACGGCTTCGTTGTCGATATGATCGACTTCTACGTCGGCGACTGGCACTTCGCCACCTTCAACCTTGCCGATACTGCCATCTGTGTCGGTGCGGCACTGATTGTGCTGGAAGGTTTTTTGCCTTCTAGAGCGAAAAAACAATAA"
"b0028","CGTTTACGCCGCATCCGGCAAAAATCCTTAAATATAAGAGCAAACCTGCATGTCTGAATCTGTACAGAGCAATAGCGCCGTCCTGGTGCACTTCACGCTAAAACTCGACGATGGCACCACCGCCGAGTCTACCCGCAACAACGGTAAACCGGCGCTGTTCCGCCTGGGTGATGCTTCTCTTTCTGAAGGGCTGGAGCAACACCTGTTGGGGCTGAAAGTGGGCGATAAAACCACCTTCTCGTTGGAGCCAGATGCGGCGTTTGGCGTGCCGTCACCGGACCTGATTCAGTACTTCTCCCGCCGTGAATTTATGGATGCAGGCGAGCCAGAAATTGGCGCAATCATGCTTTTTACCGCAATGGATGGCAGTGAGATGCCTGGCGTGATCCGCGAAATTAACGGCGACTCCATTACCGTTGATTTCAACCATCCGCTGGCCGGGCAGACCGTTCATTTTGATATTGAAGTGCTGGAAATCGATCCGGCACTGGAGGCGTAA"
"b0029","CATTTTGATATTGAAGTGCTGGAAATCGATCCGGCACTGGAGGCGTAACATGCAGATCCTGTTGGCCAACCCGCGTGGTTTTTGTGCCGGGGTAGACCGCGCTATCAGCATTGTTGAAAACGCGCTGGCCATTTACGGCGCACCGATATATGTCCGTCACGAAGTGGTACATAACCGCTATGTGGTCGATAGCTTGCGTGAGCGTGGGGCTATCTTTATTGAGCAGATTAGCGAAGTACCGGACGGCGCGATCCTGATTTTCTCCGCACACGGTGTTTCTCAGGCGGTACGTAACGAAGCAAAAAGTCGCGATTTGACGGTGTTTGATGCCACCTGTCCGCTGGTGACCAAAGTGCATATGGAAGTCGCCCGCGCCAGTCGCCGTGGCGAAGAATCTATTCTCATCGGTCACGCCGGGCACCCGGAAGTGGAAGGGACAATGGGCCAGTACAGTAACCCGGAAGGGGGAATGTATCTGGTCGAATCGCCGGACGATGTGTGGAAACTGACGGTCAAAAACGAAGAGAAGCTCTCCTTTATGACCCAGACCACGCTGTCGGTGGATGACACGTCTGATGTGATCGACGCGCTGCGTAAACGCTTCCCGAAAATTGTCGGTCCGCGCAAAGATGACATCTGCTACGCCACGACTAACCGTCAGGAAGCGGTACGCGCCCTGGCAGAACAGGCGGAAGTTGTGTTGGTGGTCGGTTCGAAAAACTCCTCCAACTCCAACCGTCTGGCGGAGCTGGCCCAGCGTATGGGCAAACGCGCGTTTTTGATTGACGATGCGAAAGACATCCAGGAAGAGTGGGTGAAAGAGGTTAAATGCGTCGGCGTGACTGCGGGCGCATCGGCTCCGGATATTCTGGTGCAGAATGTGGTGGCACGTTTGCAGCAGCTGGGCGGTGGTGAAGCCATTCCGCTGGAAGGCCGTGAAGAAAACATTGTTTTCGAAGTGCCGAAAGAGCTGCGTGTCGATATTCGTGAAGTCGATTAA"
"b0030","GTTATGCGAAAATGCCGGTCTTGTTACCGGCATTTTTTATGGAGAAAACATGCGTTTACCTATCTTCCTCGATACTGACCCCGGCATTGACGATGCCGTCGCCATTGCCGCCGCGATTTTTGCACCCGAACTCGACCTGCAACTGATGACCACCGTCGCGGGTAATGTCTCGGTTGAGAAAACTACCCGCAATGCCCTGCAACTGCTGCATTTCTGGAATGCGGAGATTCCGCTCGCCCAAGGGGCCGCTGTGCCACTGGTACGCGCACCGCGTGATGCGGCATCTGTGCACGGCGAATCGGGAATGGCTGGCTACGACTTTGTTGAGCACAACCGAAAGCCGCTCGGGATACCGGCGTTTCTGGCGATTCGGGATGCCCTGATGCGTGCACCAGAGCCTGTTACCCTGGTGGCCATCGGCCCGTTAACCAATATTGCGCTGTTACTTTCACAATGCCCGGAATGCAAGCCGTATATTCGCCGTCTGGTGATCATGGGTGGTTCTGCCGGACGCGGCAACTGTACGCCAAACGCCGAGTTTAATATTGCTGCCGATCCAGAAGCTGCTGCCTGTGTCTTCCGCAGTGGTATTGAAATCGTCATGTGCGGTTTGGATGTCACCAATCAGGCAATATTAACTCCTGACTATCTCTCTACACTGCCGCAGTTAAACCGTACCGGGAAAATGCTTCACGCCCTGTTTAGCCACTACCGTAGCGGCAGTATGCAAAGCGGCTTGCGAATGCACGATCTCTGCGCCATCGCCTGGCTGGTGCGCCCGGACCTGTTCACTCTCAAACCCTGTTTTGTGGCAGTGGAAACTCAGGGCGAATTTACCTCAGGCACGACGGTGGTTGATATCGACGGTTGCCTGGGCAAGCCAGCCAATGTACAGGTGGCATTGGATCTGGATGTGAAAGGCTTCCAGCAGTGGGTGGCTGAGGTGCTGGCTCTGGCGTCGTAA"
"b0031","GCTGGTTACTCTGAAAACGGTCTATGCAAATTAACAAAAGAGAATAGCTATGCATGATGCAAACATCCGCGTTGCCATCGCGGGAGCCGGGGGGCGTATGGGCCGCCAGTTGATTCAGGCGGCGCTGGCATTAGAGGGCGTGCAGTTGGGCGCTGCGCTGGAGCGTGAAGGATCTTCTTTACTGGGCAGCGACGCCGGTGAGCTGGCCGGAGCCGGGAAAACAGGCGTTACCGTGCAAAGCAGCCTCGATGCGGTAAAAGATGATTTTGATGTGTTTATCGATTTTACCCGTCCGGAAGGTACGCTGAACCATCTCGCTTTTTGTCGCCAGCATGGCAAAGGGATGGTGATCGGCACTACGGGGTTTGACGAAGCCGGTAAACAAGCAATTCGTGACGCCGCTGCCGATATTGCGATTGTCTTTGCTGCCAATTTTAGCGTTGGCGTTAACGTCATGCTTAAGCTGCTGGAGAAAGCAGCCAAAGTGATGGGTGACTACACCGATATCGAAATTATTGAAGCACATCATAGACATAAAGTTGATGCGCCGTCAGGCACCGCACTGGCAATGGGAGAGGCGATCGCCCACGCCCTTGATAAAGATCTGAAAGATTGCGCGGTCTACAGTCGTGAAGGCCACACCGGTGAACGTGTGCCTGGCACCATTGGTTTTGCCACCGTGCGTGCAGGTGACATCGTTGGTGAACATACCGCGATGTTTGCCGATATTGGCGAGCGTCTGGAGATCACCCATAAGGCGTCCAGCCGTATGACATTTGCTAACGGCGCGGTAAGATCGGCTTTGTGGTTGAGTGGTAAGGAAAGCGGTCTTTTTGATATGCGAGATGTACTTGATCTCAATAATTTGTAA"
"b0032","TGTGAATTAATATGCAAATAAAGTGAGTGAATATTCTCTGGAGGGTGTTTTGATTAAGTCAGCGCTATTGGTTCTGGAAGACGGAACCCAGTTTCACGGTCGGGCCATAGGGGCAACAGGTTCGGCGGTTGGGGAAGTCGTTTTCAATACTTCAATGACCGGTTATCAAGAAATCCTCACTGATCCTTCCTATTCTCGTCAAATCGTTACTCTTACTTATCCCCATATTGGCAATGTCGGCACCAATGACGCCGATGAAGAATCTTCTCAGGTACATGCACAAGGTCTGGTGATTCGCGACCTGCCGCTGATTGCCAGCAACTTCCGTAATACCGAAGACCTCTCTTCTTACCTGAAACGCCATAACATCGTGGCGATTGCCGATATCGATACCCGTAAGCTGACGCGTTTACTGCGCGAGAAAGGCGCACAGAATGGCTGCATTATCGCGGGCGATAACCCGGATGCGGCGCTGGCGTTAGAAAAAGCCCGCGCGTTCCCAGGTCTGAATGGCATGGATCTGGCAAAAGAAGTGACCACCGCAGAAGCCTATAGCTGGACACAAGGGAGCTGGACGTTGACCGGTGGCCTGCCAGAAGCGAAAAAAGAAGACGAGCTGCCGTTCCACGTCGTGGCTTATGATTTTGGTGCCAAGCGCAACATCCTGCGGATGCTGGTGGATAGAGGCTGTCGCCTGACCATCGTTCCGGCGCAAACTTCTGCGGAAGATGTGCTGAAAATGAATCCAGACGGCATCTTCCTCTCCAACGGTCCTGGCGACCCGGCCCCGTGCGATTACGCCATTACCGCCATCCAGAAATTCCTCGAAACCGATATTCCGGTATTCGGCATCTGTCTCGGTCATCAGCTGCTGGCGCTGGCGAGCGGTGCGAAGACTGTCAAAATGAAATTTGGTCACCACGGCGGCAACCATCCGGTTAAAGATGTGGAGAAAAACGTGGTAATGATCACCGCCCAGAACCACGGTTTTGCGGTGGACGAAGCAACATTACCTGCAAACCTGCGTGTCACGCATAAATCCCTGTTCGACGGTACGTTACAGGGCATTCATCGCACCGATAAACCGGCATTCAGCTTCCAGGGGCACCCTGAAGCCAGCCCTGGTCCACACGACGCCGCGCCGTTGTTCGACCACTTTATCGAGTTAATTGAGCAGTACCGTAAAACCGCTAAGTAA"
"b0033","TAATTGAGCAGTACCGTAAAACCGCTAAGTAATCAGGAGTAAAAGAGCCATGCCAAAACGTACAGATATAAAAAGTATCCTGATTCTGGGTGCGGGCCCGATTGTTATCGGTCAGGCGTGTGAGTTTGACTACTCTGGCGCGCAAGCGTGTAAAGCCCTGCGTGAAGAGGGTTACCGCGTCATTCTGGTGAACTCCAACCCGGCGACCATCATGACCGACCCGGAAATGGCTGATGCAACCTACATCGAGCCGATTCACTGGGAAGTTGTACGCAAGATTATTGAAAAAGAGCGCCCGGACGCGGTGCTGCCAACGATGGGCGGTCAGACGGCGCTGAACTGCGCGCTGGAGCTGGAACGTCAGGGCGTGTTGGAAGAGTTCGGTGTCACCATGATTGGTGCCACTGCCGATGCGATTGATAAAGCAGAAGACCGCCGTCGTTTCGACGTAGCGATGAAGAAAATTGGTCTGGAAACCGCGCGTTCCGGTATCGCACACACGATGGAAGAAGCGCTGGCGGTTGCCGCTGACGTGGGCTTCCCGTGCATTATTCGCCCATCCTTTACCATGGGCGGTAGCGGCGGCGGTATCGCTTATAACCGTGAAGAGTTTGAAGAAATTTGCGCCCGCGGTCTGGATCTCTCTCCGACCAAAGAGTTGCTGATTGATGAGTCGCTGATCGGCTGGAAAGAGTACGAGATGGAAGTGGTGCGTGATAAAAACGACAACTGCATCATCGTCTGCTCTATCGAAAACTTCGATGCGATGGGCATCCACACCGGTGACTCCATCACTGTCGCGCCAGCCCAAACGCTGACCGACAAAGAATATCAAATCATGCGTAACGCCTCGATGGCGGTGCTGCGTGAAATCGGCGTTGAAACCGGTGGTTCCAACGTTCAGTTTGCGGTGAACCCGAAAAACGGTCGTCTGATTGTTATCGAAATGAACCCACGCGTGTCCCGTTCTTCGGCGCTGGCGTCGAAAGCGACCGGTTTCCCGATTGCTAAAGTGGCGGCGAAACTGGCGGTGGGTTACACCCTCGACGAACTGATGAACGACATCACTGGCGGACGTACTCCGGCCTCCTTCGAGCCGTCCATCGACTATGTGGTTACTAAAATTCCTCGCTTCAACTTCGAAAAATTCGCCGGTGCTAACGACCGTCTGACCACTCAGATGAAATCGGTTGGCGAAGTGATGGCGATTGGTCGCACGCAGCAGGAATCCCTGCAAAAAGCGCTGCGCGGCCTGGAAGTCGGTGCGACTGGATTCGACCCGAAAGTGAGCCTGGATGACCCGGAAGCGTTAACCAAAATCCGTCGCGAACTGAAAGACGCAGGCGCAGATCGTATCTGGTACATCGCCGATGCGTTCCGTGCGGGCCTGTCTGTGGACGGCGTCTTCAACCTGACCAACATTGACCGCTGGTTCCTGGTACAGATTGAAGAGCTGGTGCGTCTGGAAGAGAAAGTGGCGGAAGTGGGCATCACTGGCCTGAACGCTGACTTCCTGCGCCAGCTGAAACGCAAAGGCTTTGCCGATGCGCGCTTGGCAAAACTGGCGGGCGTACGCGAAGCGGAAATCCGTAAGCTGCGTGACCAGTATGACCTGCACCCGGTTTATAAGCGCGTGGATACCTGTGCGGCAGAGTTCGCCACCGACACCGCTTACATGTACTCCACTTATGAAGAAGAGTGCGAAGCGAATCCGTCTACCGACCGTGAAAAAATCATGGTGCTTGGCGGCGGCCCGAACCGTATCGGTCAGGGTATCGAATTCGACTACTGTTGCGTACACGCCTCGCTGGCGCTGCGCGAAGACGGTTACGAAACCATTATGGTTAACTGTAACCCGGAAACCGTCTCCACCGACTACGACACTTCCGACCGCCTCTACTTCGAGCCGGTAACTCTGGAAGATGTGCTGGAAATCGTGCGTATCGAGAAGCCGAAAGGCGTTATCGTCCAGTACGGCGGTCAGACCCCGCTGAAACTGGCGCGCGCGCTGGAAGCTGCTGGCGTACCGGTTATCGGCACCAGCCCGGATGCTATCGACCGTGCAGAAGACCGTGAACGCTTCCAGCATGCGGTTGAGCGTCTGAAACTGAAACAACCGGCGAACGCCACCGTTACCGCTATTGAAATGGCGGTAGAGAAGGCGAAAGAGATTGGCTACCCGCTGGTGGTACGTCCGTCTTACGTTCTCGGCGGTCGGGCGATGGAAATCGTCTATGACGAAGCTGACCTGCGTCGCTACTTCCAGACGGCGGTCAGCGTGTCTAACGATGCGCCAGTGTTGCTGGACCACTTCCTCGATGACGCGGTAGAAGTTGACGTGGATGCCATCTGCGACGGCGAAATGGTGCTGATTGGCGGCATCATGGAGCATATTGAGCAGGCGGGCGTGCACTCCGGTGACTCCGCATGTTCTCTGCCAGCCTACACCTTAAGTCAGGAAATTCAGGATGTGATGCGCCAGCAGGTGCAGAAACTGGCCTTCGAATTGCAGGTGCGCGGCCTGATGAACGTGCAGTTTGCGGTGAAAAACAACGAAGTCTACCTGATTGAAGTTAACCCGCGTGCGGCGCGTACCGTTCCGTTCGTCTCCAAAGCCACCGGCGTACCGCTGGCAAAAGTGGCGGCGCGCGTGATGGCTGGCAAATCGCTGGCTGAGCAGGGCGTAACCAAAGAAGTTATCCCGCCGTACTACTCGGTGAAAGAAGTGGTGCTGCCGTTCAATAAATTCCCGGGCGTTGACCCGCTGTTAGGGCCAGAAATGCGCTCTACCGGGGAAGTCATGGGCGTGGGCCGCACCTTCGCTGAAGCGTTTGCCAAAGCGCAGCTGGGCAGCAACTCCACCATGAAGAAACACGGTCGTGCGCTGCTTTCCGTGCGCGAAGGCGATAAAGAACGCGTGGTGGACCTGGCGGCAAAACTGCTGAAACAGGGCTTCGAGCTGGATGCGACCCACGGCACGGCGATTGTGCTGGGCGAAGCAGGTATCAACCCGCGTCTGGTAAACAAGGTGCATGAAGGCCGTCCGCACATTCAGGACCGTATCAAGAATGGCGAATATACCTACATCATCAACACCACCTCAGGCCGTCGTGCGATTGAAGACTCCCGCGTGATTCGTCGCAGTGCGCTGCAATATAAAGTGCATTACGACACCACCCTGAACGGCGGCTTTGCCACCGCGATGGCGCTGAATGCCGATGCGACTGAAAAAGTAATTTCGGTGCAGGAAATGCACGCACAGATCAAATAA"
"b0034","TTCAAAACGAGTCATAGCCAGACTTTTAATTTGTGAAACTGGAGTTCGTATGTGTGAAGGATATGTTGAAAAACCACTCTACTTGTTAATCGCCGAATGGATGATGGCTGAAAATCGGTGGGTGATAGCAAGAGAGATCTCTATTCATTTCGATATTGAACACAGCAAGGCGGTTAATACCCTGACTTATATTCTGTCGGAAGTCACAGAAATAAGCTGCGAAGTTAAGATGATCCCTAATAAGCTGGAAGGGCGGGGATGCCAGTGTCAGCGACTGGTTAAAGTGGTCGATATCGATGAGCAAATTTACGCGCGCCTGCGCAATAACAGTCGGGAAAAATTAGTCGGTGTAAGAAAGACGCCGCGTATTCCTGCCGTTCCGCTCACGGAACTTAACCGCGAGCAGAAGTGGCAGATGATGTTGTCAAAGAGTATGCGTCGTTAA"
"b0035","TGGCGTTTGCCGAGAAGCGCGATCCGGTGTGGAAAGGACGTTAACAACCGTGAGCTATTACGCCTTTGAGGGGTTAATTCCGGTGGTTCACCCGACGGCGTTTGTCCATCCCAGTGCCGTCTTGATTGGCGATGTGATTGTGGGAGCCGGTGTCTACATCGGCCCACTCGCCTCACTGCGTGGTGACTACGGGCGGTTGATCGTGCAAGCGGGAGCCAATATTCAGGATGGCTGCATTATGCATGGCTACTGCGACACTGACACTATCGTTGGGGAAAACGGCCATATCGGGCACGGAGCGATCCTGCATGGTTGTTTGATTGGTCGCGATGCATTGGTCGGGATGAACAGCGTGATTATGGATGGCGCGGTCATTGGCGAAGAGAGCATTGTTGCCGCCATGAGCTTTGTCAAAGCGGGCTTTCGCGGCGAGAAACGCCAGTTGTTGATGGGTACGCCAGCCCGCGCTGTACGCAATGTTAGTGACGACGAGTTACACTGGAAACGGTTGAATACCAAAGAGTATCAGGATCTTGTCGGGCGCTGTCATGTATCGTTACATGAAACGCAGCCACTGAGGCAAATGGAGGAAAATCGCCCCCGTTTGCAGGGGACGACGGATGTGACGCCTAAACGGTGA"
"b0036","TTTTGCAGGGATGTTGTCGTCCCTGAAAAAGCAAAAATGGAGAAAAGGAATGAGTGAATCATTACATCTGACCCGCAATGGATCAATTCTGGAAATTACCCTTGATCGTCCAAAAGCGAATGCTATTGATGCAAAAACCAGCTTTGAAATGGGCGAAGTATTTCTAAATTTCCGTGACGATCCGCAATTACGTGTCGCCATTATTACCGGTGCCGGAGAGAAGTTCTTTTCCGCGGGCTGGGATTTAAAAGCGGCAGCAGAAGGCGAAGCACCGGATGCTGACTTTGGTCCGGGTGGTTTTGCGGGATTAACCGAAATTTTCAATCTCGACAAACCGGTTATCGCAGCTGTGAACGGCTATGCCTTTGGCGGCGGCTTTGAACTGGCGCTGGCGGCAGATTTTATTGTTTGTGCCGATAACGCCAGCTTCGCCCTGCCGGAAGCCAAACTGGGCATCGTTCCTGACAGCGGCGGTGTGCTGCGTCTGCCGAAGATCCTGCCGCCTGCCATCGTCAATGAAATGGTGATGACCGGCAGACGAATGGGCGCAGAAGAGGCGCTGCGTTGGGGGATAGTCAACCGCGTGGTTAGCCAGGCGGAACTGATGGATAACGCCCGCGAACTGGCTCAGCAGCTGGTTAACAGCGCCCCGCTGGCGATTGCGGCGCTGAAAGAGATCTACCGCACCACCAGCGAAATGCCGGTAGAAGAAGCGTATCGCTATATTCGCAGCGGCGTGTTGAAACACTATCCATCGGTTCTGCATTCGGAAGATGCCATTGAAGGGCCGCTGGCGTTTGCCGAGAAGCGCGATCCGGTGTGGAAAGGACGTTAA"
"b0037","TGACTAGCGCCCGCCCAATAACAAACGAACAAAAATGGATAGAGGTGCAATGGATATCATTGGCGGACAACATCTACGTCAAATGTGGGACGATCTTGCGGACGTTTACGGTCATAAAACGGCGCTGATTTGTGAATCCAGCGGCGGAGTCGTTAACCGGTATAGTTATCTTGAGTTAAATCAGGAGATTAACCGCACGGCAAACCTGTTTTATACGCTGGGGATTCGCAAAGGCGACAAGGTTGCACTACATCTCGACAACTGCCCGGAATTTATCTTTTGCTGGTTCGGGCTGGCAAAAATTGGCGCGATTATGGTGCCGATTAACGCCCGCCTGTTGTGCGAGGAAAGCGCGTGGATCCTGCAAAATAGCCAGGCGTGCCTGCTGGTGACCAGTGCGCAATTCTATCCTATGTATCAACAGATTCAGCAGGAAGATGCCACTCAATTGCGGCACATTTGCCTGACAGATGTGGCACTTCCCGCTGATGATGGCGTGAGTTCGTTTACTCAACTGAAAAATCAACAACCTGCCACCTTGTGCTATGCACCGCCGCTATCGACTGACGATACGGCGGAAATTCTCTTCACCTCCGGCACCACCTCCCGACCGAAAGGTGTGGTGATTACCCATTACAACCTGCGCTTCGCTGGATATTACTCCGCCTGGCAGTGTGCACTGCGTGACGATGACGTCTACCTGACGGTAATGCCTGCGTTTCATATCGATTGCCAGTGTACTGCGGCGATGGCGGCGTTTTCTGCCGGGGCCACCTTTGTGCTGGTCGAGAAATACAGCGCCCGCGCCTTCTGGGGACAGGTACAGAAGTACCGCGCCACCGTTACCGAATGTATTCCGATGATGATCCGTACGTTGATGGTACAGCCGCCTTCAGCGAACGATCAGCAACACCGCCTGCGGGAAGTGATGTTTTATCTCAACTTGTCGGAGCAGGAAAAAGATGCGTTTTGTGAACGCTTCGGCGTTCGCTTGCTGACGTCTTATGGGATGACGGAAACCATTGTGGGCATTATCGGCGATCGTCCTGGCGATAAACGACGCTGGCCGTCGATTGGTCGGGTGGGGTTTTGCTACGAAGCGGAGATCCGCGACGATCACAATCGCCCGCTCCCGGCTGGTGAGATCGGTGAAATCTGCATTAAAGGCATACCTGGGAAAACCATCTTCAAAGAGTACTTTCTCAACCCACAAGCCACTGCGAAAGTGCTGGAAGCCGATGGCTGGCTGCATACCGGCGATACCGGATACCGCGACGAAGAGGACTTTTTTTATTTCGTCGATCGCCGCTGCAATATGATTAAACGTGGCGGCGAGAATGTCTCCTGCGTGGAGCTGGAAAATATTATCGCCGCGCACCCGAAAATTCAGGACATCGTGGTTGTGGGTATTAAAGATTCGATTCGCGATGAAGCCATCAAAGCATTTGTGGTGCTGAATGAAGGTGAAACATTGAGCGAAGAGGAATTTTTCCGCTTCTGCGAACAAAATATGGCGAAATTTAAAGTGCCCTCTTATCTGGAGATCAGAAAAGATCTGCCACGTAATTGCTCGGGGAAAATAATTAGAAAGAATCTGAAATAA"
"b0038","ACGCCGCATCCGGCAGTCATGCGCTACATAAATTTTTCAGGAGCAAATAATGGATCATCTACCCATGCCGAAATTCGGGCCGTTGGCCGGATTGCGCGTTGTCTTCTCCGGTATCGAAATCGCCGGACCGTTTGCCGGGCAAATGTTCGCAGAATGGGGCGCGGAAGTTATCTGGATCGAGAACGTCGCCTGGGCCGACACCATTCGCGTTCAACCGAACTACCCGCAACTCTCCCGCCGCAATTTGCACGCGCTGTCGTTAAATATTTTCAAAGATGAAGGCCGCGAAGCGTTTCTGAAATTAATGGAAACCACCGATATCTTCATCGAAGCCAGTAAAGGTCCGGCCTTTGCCCGTCGTGGCATTACCGATGAAGTACTGTGGCAGCACAACCCGAAACTGGTTATCGCTCACCTGTCCGGTTTTGGTCAGTACGGCACCGAGGAGTACACCAATCTTCCGGCCTATAACACTATCGCCCAGGCCTTTAGTGGTTACCTGATTCAGAACGGTGATGTTGACCAGCCAATGCCTGCCTTCCCGTATACCGCCGATTACTTTTCTGGCCTGACCGCCACCACGGCGGCGCTGGCAGCACTGCATAAAGTGCGTGAAACCGGTAAAGGCGAAAGTATCGACATCGCCATGTATGAAGTGATGCTGCGTATGGGCCAGTACTTCATGATGGATTACTTCAACGGCGGCGAAATGTGCCCGCGCATGAGCAAAGGTAAAGATCCCTACTACGCCGGTTGCGGTCTGTATAAATGTGCCGACGGCTACATCGTGATGGAACTGGTGGGCATTACCCAAATTGAAGAGTGCTTTAAAGATATTGGCCTCGCACATCTGCTTGGCACGCCAGAAATCCCGGAAGGCACTCAGCTTATCCACCGTATCGAATGCCCTTACGGCCCACTGGTTGAAGAGAAACTCGATGCCTGGCTGGCGACACATACCATCGCGGAAGTAAAAGAACGCTTTGCTGAACTGAATATCGCCTGCGCCAAAGTGCTGACCGTACCGGAACTGGAAAGCAATCCACAGTATGTGGCTCGCGAATCAATCACTCAGTGGCAAACGATGGATGGTCGCACCTGCAAAGGGCCGAACATCATGCCGAAATTCAAAAATAACCCCGGACAAATCTGGCGCGGAATGCCCTCACATGGCATGGACACGGCTGCCATTTTGAAAAATATCGGCTACAGCGAAAACGACATTCAGGAGTTGGTCAGCAAAGGTCTGGCCAAAGTTGAGGACTAA"
"b0039","ACAGAACTGGAAAGATTAATTAACCCCCAAAATATCAAGAGGTTGAAAGATGGATTTTAATTTAAATGATGAGCAGGAACTGTTTGTCGCCGGTATCCGCGAACTGATGGCCAGCGAAAACTGGGAGGCCTATTTTGCCGAGTGCGACCGTGACAGCGTCTACCCGGAACGTTTTGTCAAAGCACTGGCGGATATGGGTATCGACAGTCTGCTGATCCCTGAAGAGCACGGTGGTCTGGACGCGGGGTTTGTTACTCTCGCCGCCGTGTGGATGGAGCTGGGACGTCTGGGGGCACCAACCTATGTGCTGTACCAGTTGCCGGGCGGGTTCAACACCTTCCTGCGCGAAGGCACACAAGAGCAGATCGACAAAATTATGGCTTTCCGCGGCACCGGTAAGCAGATGTGGAACTCAGCGATTACCGAACCGGGCGCGGGCTCCGACGTGGGTAGCCTGAAAACGACTTATACCCGTAGAAATGGTAAGATTTATCTTAATGGTAGTAAGTGTTTTATTACCAGCAGCGCCTACACCCCGTACATCGTGGTGATGGCGCGCGACGGGGCTTCTCCGGACAAACCTGTCTACACCGAATGGTTTGTTGATATGAGCAAACCGGGCATCAAAGTGACCAAACTTGAAAAGCTCGGTCTGCGTATGGATAGCTGCTGTGAAATCACCTTTGACGACGTGGAACTGGACGAGAAAGACATGTTCGGTCGGGAAGGTAACGGCTTTAACCGCGTCAAAGAAGAGTTCGACCATGAACGTTTCCTGGTAGCCCTCACCAACTACGGTACGGCGATGTGCGCCTTTGAAGATGCGGCGCGCTACGCCAATCAGCGCGTGCAGTTTGGCGAGGCTATTGGTCGTTTCCAGTTGATTCAGGAAAAATTCGCCCACATGGCGATCAAATTAAACTCCATGAAAAACATGCTGTATGAAGCAGCGTGGAAAGCAGACAACGGCACCATCACCTCTGGCGATGCAGCGATGTGCAAATACTTCTGCGCCAATGCGGCATTTGAAGTTGTGGATAGCGCAATGCAGGTGCTGGGCGGTGTCGGGATTGCGGGCAACCACCGCATCAGCCGCTTCTGGCGTGATCTGCGTGTAGACCGCGTCTCCGGGGGATCTGACGAAATGCAGATCCTGACGCTGGGTCGTGCGGTGCTGAAGCAATACCGCTAA"
"b0040","ACAAACGGGAACGCAAAATAAATATTCGTTTTCACAGTGGAATTAACTCATGAAGAATGAAAAGAGAAAAACGGGAATAGAACCGAAGGTTTTCTTTCCGCCGTTAATAATCGTCGGCATACTTTGTTGGCTTACAGTCAGAGATCTGGATGCAGCGAATGTCGTTATTAATGCTGTATTCAGTTACGTCACCAATGTATGGGGATGGGCATTTGAATGGTATATGGTGGTGATGCTTTTCGGTTGGTTCTGGCTGGTGTTTGGCCCGTATGCCAAAAAGCGTTTAGGTAACGAACCGCCAGAATTTAGCACCGCCAGTTGGATCTTTATGATGTTCGCCTCCTGTACGTCTGCTGCCGTACTGTTCTGGGGATCGATTGAGATCTACTACTACATCTCCACCCCGCCGTTTGGCTTAGAACCGAACTCGACAGGGGCGAAAGAGTTGGGGCTGGCTTACAGCTTGTTCCACTGGGGACCTCTGCCGTGGGCCACTTACAGCTTCCTTTCAGTCGCCTTCGCTTACTTCTTCTTTGTCCGCAAAATGGAAGTGATTCGCCCCAGCTCGACACTGGTGCCGCTGGTAGGTGAAAAACACGCCAAAGGGTTGTTCGGCACTATCGTCGACAACTTCTATCTCGTCGCCTTGATCTTCGCGATGGGTACCAGTCTGGGCCTTGCCACGCCGCTGGTGACCGAGTGTATGCAATGGTTGTTTGGCATTCCGCATACCCTGCAACTGGACGCTATCATCATTACCTGCTGGATTATCCTCAACGCCATTTGCGTCGCTTGCGGTCTGCAAAAAGGGGTACGTATCGCCAGTGACGTGCGTAGTTACCTGAGCTTCCTGATGCTGGGTTGGGTGTTCATTGTCAGCGGTGCCAGCTTCATCATGAACTACTTCACCGATTCGGTGGGGATGTTGCTGATGTATCTGCCGCGCATGTTGTTCTATACCGATCCCATCGCTAAAGGCGGCTTCCCGCAGGGCTGGACCGTGTTCTACTGGGCATGGTGGGTGATTTATGCTATCCAGATGAGTATCTTCCTCGCCCGCATCTCCCGTGGTCGTACTGTGCGTGAACTGTGCTTCGGCATGGTGCTGGGGCTGACAGCGTCAACCTGGATCCTGTGGACTGTACTCGGTAGTAACACTCTGCTGTTGATAGATAAAAACATCATCAACATTCCAAATCTGATCGAACAGTACGGTGTGGCGCGCGCCATCATTGAAACCTGGGCCGCTCTGCCACTCAGCACCGCCACCATGTGGGGCTTCTTCATCCTCTGCTTTATTGCCACCGTTACGCTGGTTAACGCCTGCTCTTATACCCTGGCGATGTCCACTTGCCGCGAAGTACGCGATGGTGAAGAACCACCTCTGCTGGTGCGTATCGGTTGGTCAATTCTGGTTGGCATTATCGGTATTGTTCTGCTGGCGCTCGGCGGCCTGAAACCGATTCAAACCGCCATTATCGCCGGAGGATGCCCGCTGTTCTTCGTCAACATTATGGTGACGCTCTCCTTTATTAAAGACGCGAAACAGAACTGGAAAGATTAA"
"b0041","TAACACCACCGATATGAACGACGTTTCCTTCATGATTTCTGGAGATGCAATGAAGATTATTACTTGCTATAAGTGCGTGCCTGATGAACAGGATATTGCGGTCAATAATGCTGATGGTTCATTAGACTTCAGCAAAGCCGATGCCAAAATAAGCCAATACGATCTCAACGCTATTGAAGCGGCTTGCCAGCTAAAGCAACAGGCAGCAGAGGCGCAGGTGACAGCCTTAAGTGTGGGCGGTAAAGCCCTGACCAACGCCAAAGGGCGTAAAGATGTGCTATCGCGCGGCCCGGATGAACTGATTGTGGTGATTGATGACCAGTTCGAGCAGGCACTGCCGCAACAAACGGCGAGCGCACTGGCTGCAGCCGCCCAGAAAGCAGGCTTTGATCTGATCCTCTGTGGCGATGGTTCTTCCGACCTTTATGCCCAGCAGGTTGGTCTGCTGGTGGGCGAAATCCTCAATATTCCGGCAGTTAACGGCGTCAGCAAAATTATCTCCCTGACGGCAGATACCCTCACCGTTGAGCGCGAACTGGAAGATGAAACCGAAACCTTAAGCATTCCGCTGCCTGCGGTTGTTGCTGTTTCCACTGATATCAACTCCCCACAAATTCCTTCGATGAAAGCCATTCTCGGCGCGGCGAAAAAGCCCGTCCAGGTATGGTCGGCGGCGGATATTGGTTTTAACGCAGAGGCAGCCTGGTCAGAACAACAGGTTGCCGCGCCGAAACAGCGCGAACGTCAGCGCATCGTGATTGAAGGCGACGGCGAAGAACAGATCGCCGCATTTGCTGAAAATCTTCGCAAAGTCATTTAA"
"b0042","CCGCATTTGCTGAAAATCTTCGCAAAGTCATTTAATTACAGGGGATGCTATGAACACGTTTTCTCAAGTCTGGGTATTCAGCGATACCCCTTCTCGTCTGCCGGAACTGATGAACGGTGCGCAGGCTTTAGCTAATCAAATCAACACCTTTGTCCTCAATGATGCCGACGGCGCACAGGCAATCCAGCTCGGCGCTAATCATGTCTGGAAATTAAACGGCAAACCGGACGATCGGATGATCGAAGATTACGCCGGTGTCATGGCTGACACTATTCGCCAGCACGGCGCAGACGGCCTGGTGCTGCTGCCAAACACCCGTCGCGGCAAATTACTGGCGGCAAAACTGGGTTATCGCCTTAAAGCGGCGGTGTCTAACGATGCCAGCACCGTCAGCGTACAGGACGGTAAAGCGACAGTGAAACACATGGTTTACGGTGGTCTGGCGATTGGCGAAGAACGCATTGCCACGCCGTATGCGGTACTGACCATCAGCAGCGGCACGTTCGATGCGGCTCAGCCAGACGCGTCACGCACTGGCGAAACGCACACCGTGGAGTGGCAGGCTCCGGCTGTGGCGATTACCCGCACGGCAACCCAGGCGCGCCAGAGCAACAGCGTCGATCTCGACAAAGCCCGTCTGGTGGTCAGCGTCGGTCGCGGTATTGGCAGCAAAGAGAACATTGCGCTGGCAGAACAGCTTTGCAAGGCGATAGGTGCGGAGTTGGCCTGTTCTCGTCCGGTGGCGGAAAACGAAAAATGGATGGAGCACGAACGCTATGTCGGTATCTCCAACCTGATGCTGAAACCTGAACTGTACCTGGCGGTGGGGATCTCCGGGCAGATCCAGCACATGGTTGGCGCTAACGCGTCGCAAACCATTTTCGCCATCAATAAAGATAAAAATGCGCCGATCTTCCAGTACGCGGATTACGGCATTGTTGGCGACGCCGTGAAGATCCTTCCGGCGCTGACCGCAGCTTTAGCGCGTTGA"
"b0043","CCACTCTGGCAGGGCTGCATTTTGGCCCTGCCGCTGACAGGGAGCTCTTATGTCCGAAGATATCTTTGACGCCATCATCGTCGGTGCAGGGCTTGCCGGTTCGGTTGCCGCACTGGTGCTCGCCCGCGAAGGTGCGCAAGTGTTAGTTATCGAGCGTGGCAATTCCGCAGGTGCCAAGAACGTCACCGGCGGGCGTCTCTATGCCCACAGTCTGGAACACATTATTCCTGGTTTCGCCGACTCCGCCCCCGTAGAACGCCTGATCACCCATGAAAAACTCGCGTTTATGACGGAAAAGTCAGCGATGACTATGGACTACTGCAATGGTGACGAAACCTCGCCATCCCAGCGTTCTTACTCCGTTTTGCGCAGTAAATTTGATGCCTGGCTGATGGAGCAGGCCGAAGAAGCGGGCGCGCAGTTAATTACCGGGATCCGCGTCGATAACCTCGTACAGCGCGATGGCAAAGTCGTCGGTGTAGAAGCCGATGGCGATGTGATTGAAGCGAAAACGGTGATCCTTGCTGATGGGGTGAACTCCATCCTTGCCGAAAAATTGGGGATGGCAAAACGCGTCAAACCGACGGATGTGGCGGTTGGCGTGAAGGAACTGATCGAGTTACCGAAGTCGGTTATTGAAGACCGTTTTCAGTTGCAGGGTAATCAGGGGGCGGCTTGCCTGTTTGCGGGATCACCCACCGATGGCCTGATGGGCGGCGGCTTCCTTTATACCAATGAAAACACCCTGTCGCTGGGGCTGGTTTGTGGTTTGCATCATCTGCATGACGCGAAAAAATCGGTGCCGCAAATGCTGGAAGATTTCAAACAGCATCCGGCCGTTGCACCGCTGATCGCGGGCGGCAAGCTGGTGGAATATTCCGCTCACGTAGTGCCGGAAGCAGGCATCAACATGCTGCCGGAGTTGGTTGGTGACGGCGTATTGATTGCCGGTGATGCCGCCGGAATGTGTATGAACCTCGGTTTTACCATTCGCGGTATGGATCTGGCGATTGCCGCCGGGGAAGCCGCAGCAAAAACCGTGCTTTCAGCGATGAAAAGCGACGATTTCAGTAAGCAAAAACTGGCGGAATATCGTCAGCATCTTGAGAGTGGTCCGCTGCGCGATATGCGTATGTACCAGAAACTACCGGCGTTCCTTGATAACCCACGCATGTTTAGCGGCTACCCGGAGCTGGCGGTGGGTGTGGCGCGTGACCTGTTCACCATTGATGGCAGCGCGCCGGAACTGATGCGCAAGAAAATCCTCCGCCACGGCAAGAAAGTGGGCTTCATCAATCTAATCAAGGATGGCATGAAAGGAGTGACCGTTTTATGA"
"b0044","TGGGCTTCATCAATCTAATCAAGGATGGCATGAAAGGAGTGACCGTTTTATGACTTCTCCCGTCAATGTGGACGTCAAACTGGGCGTCAATAAATTCAATGTCGATGAAGAGCATCCGCACATTGTTGTGAAGGCCGATGCTGATAAACAGGCGCTGGAGCTGCTGGTGAAAGCGTGCCCCGCAGGTCTGTACAAGAAGCAGGATGACGGCAGTGTGCGCTTCGATTACGCCGGATGTCTGGAGTGCGGCACCTGTCGCATTCTGGGGCTGGGGTCGGCGCTGGAACAGTGGGAATACCCGCGCGGCACCTTTGGTGTGGAGTTCCGTTACGGCTGA"
"b0045","TTGATACGTAACGCCGCACTGACTCTCATTGCAAAAAACAGGAATAACCATGCAACCGTCCAGAAACTTTGACGATCTCAAATTCTCCTCTATTCACCGCCGCATTTTGCTGTGGGGAAGCGGTGGTCCGTTTCTGGATGGTTATGTACTGGTAATGATTGGCGTGGCGCTGGAGCAACTGACGCCGGCGCTGAAACTGGACGCTGACTGGATTGGCTTGCTGGGCGCGGGAACGCTCGCCGGGCTGTTCGTTGGCACATCGCTGTTTGGTTATATTTCCGATAAAGTCGGACGGCGCAAAATGTTCCTCATTGATATCATCGCCATCGGCGTGATATCGGTGGCGACGATGTTTGTTTCATCCCCCGTCGAACTGTTGGTGATGCGGGTACTTATCGGCATTGTCATCGGTGCAGATTATCCCATCGCCACCTCAATGATCACCGAGTTCTCCAGTACCCGTCAGCGGGCGTTTTCCATCAGCTTTATTGCCGCGATGTGGTATGTCGGCGCGACCTGTGCCGATCTGGTCGGCTACTGGCTTTATGATGTGGAAGGCGGCTGGCGCTGGATGCTGGGTAGCGCGGCGATCCCCTGTTTGTTGATTTTGATTGGTCGATTCGAACTGCCTGAATCTCCCCGCTGGTTATTACGCAAAGGGCGAGTAAAAGAGTGCGAAGAGATGATGATCAAACTGTTTGGCGAACCGGTGGCTTTCGATGAAGAGCAGCCGCAGCAAACCCGTTTTCGCGATCTGTTTAATCGCCGCCATTTTCCTTTTGTTCTGTTTGTTGCCGCCATCTGGACCTGCCAGGTGATCCCAATGTTCGCCATTTACACCTTTGGCCCGCAAATCGTTGGTTTGTTGGGATTGGGGGTTGGCAAAAACGCGGCACTAGGGAATGTGGTGATTAGCCTGTTCTTTATGCTCGGCTGTATTCCGCCGATGCTGTGGTTAAACACTGCCGGACGGCGTCCATTGTTGATTGGCAGCTTTGCCATGATGACGCTGGCGCTGGCGGTTTTGGGGCTAATCCCGGATATGGGGATCTGGCTGGTAGTGATGGCCTTTGCGGTGTATGCCTTTTTCTCTGGCGGGCCGGGTAATTTGCAGTGGCTCTATCCTAATGAACTCTTCCCGACAGATATCCGCGCCTCTGCCGTGGGCGTGATTATGTCCTTAAGTCGTATTGGCACCATTGTTTCGACCTGGGCACTACCGATCTTTATCAATAATTACGGTATCAGTAACACGATGCTAATGGGGGCGGGTATCTCGCTGTTTGGCTTGTTGATTTCCGTAGCGTTTGCCCCGGAGACTCGAGGGATGTCACTGGCGCAGACCAGCAATATGACGATCCGCGGGCAGAGAATGGGGTAA"
"b0046","TATGACTACACTTTGTGGGAAAACAAAGGCGTAATCACGCGGGCTACCTATGATTCTTATAATTTATGCGCATCCGTATCCGCATCATTCCCATGCGAATAAACGGATGCTTGAACAGGCAAGGACGCTGGAAGGCGTCGAAATTCGCTCTCTTTATCAACTCTATCCTGACTTCAATATCGATATTGCCGCCGAGCAGGAGGCGCTGTCTCGCGCCGATCTGATCGTCTGGCAGCATCCGATGCAGTGGTACAGCATTCCTCCGCTCCTCAAACTTTGGATCGATAAAGTTTTCTCCCACGGCTGGGCTTACGGTCATGGCGGCACGGCGCTGCATGGCAAACATTTGCTGTGGGCGGTGACGACCGGCGGCGGGGAAAGCCATTTTGAAATTGGTGCGCATCCGGGCTTTGATGTGCTGTCGCAGCCGCTACAGGCGACGGCAATCTACTGCGGGCTGAACTGGCTGCCACCGTTTGCCATGCACTGCACCTTTATTTGTGACGACGAAACCCTCGAAGGGCAGGCGCGTCACTATAAGCAACGTCTGCTGGAATGGCAGGAGGCCCATCATGGATAG"
"b0047","CAGGCGCGTCACTATAAGCAACGTCTGCTGGAATGGCAGGAGGCCCATCATGGATAGCCATACGCTGATTCAGGCGCTGATTTATCTCGGTTCGGCAGCGCTGATTGTACCCATTGCGGTACGTCTTGGTCTGGGATCGGTACTTGGCTACCTGATCGCCGGCTGCATTATTGGCCCGTGGGGGCTGCGACTGGTGACCGATGCCGAATCTATTCTGCACTTTGCCGAGATTGGGGTGGTGCTGATGCTGTTTATTATCGGCCTCGAACTCGATCCACAAAGGCTGTGGAAGCTGCGTGCGGCAGTGTTCGGCTGTGGCGCATTGCAGATGGTGATTTGCGGCGGCCTGCTGGGGCTGTTCTGCATGTTACTTGGGCTGCGCTGGCAGGTCGCGGAATTGATCGGCATGACGCTGGCGCTCTCCTCTACGGCGATTGCCATGCAGGCGATGAATGAACGCAATCTGATGGTGACGCAAATGGGTCGCAGTGCCTTTGCGGTGCTGCTGTTCCAGGATATCGCGGCGATCCCGCTGGTGGCGATGATTCCGCTACTGGCAACGAGCAGTGCCTCGACGACGATGGGCGCATTTGCTCTCTCGGCGTTAAAAGTGGCGGGTGCGCTGGTGCTGGTGGTATTGCTGGGGCGCTATGTCACGCGTCCGGCGCTGCGTTTTGTAGCCCGCTCTGGCTTGCGGGAAGTGTTTAGTGCCGTGGCGTTATTCCTCGTGTTTGGCTTTGGTTTGCTGCTGGAAGAGGTCGGCTTGTCGATGGCGATGGGCGCGTTTCTGGCGGGCGTACTGCTGGCAAGCTCGGAATACCGTCATGCGCTGGAGAGCGATATCGAACCATTTAAAGGTTTGCTGTTGGGGCTGTTTTTCATCGGTGTTGGCATGTCGATAGACTTTGGCACGCTGCTTGAAAACCCATTGCGCATTGTCATTTTGCTGCTCGGTTTCCTCATCATCAAAATCGCCATGCTGTGGCTGATTGCCCGACCGTTGCAAGTGCCAAATAAACAGCGTCGTTGGTTTGCGGTGTTGTTAGGGCAGGGCAGTGAGTTTGCCTTTGTGGTATTTGGCGCGGCGCAGATGGCGAATGTGCTGGAGCCGGAGTGGGCGAAATCGCTGACCCTGGCGGTGGCGCTGTCGATGGCAGCAACGCCGATTCTGCTGGTGATCCTCAATCGCCTTGAGCAATCTTCTACTGAGGAAGCGCGTGAAGCCGATGAGATCGACGAAGAACAGCCGCGCGTGATTATCGCCGGATTCGGTCGTTTTGGGCAGATTACCGGACGTTTACTGCTCTCCAGCGGGGTGAAAATGGTGGTACTCGATCACGATCCGGACCATATCGAAACCTTGCGTAAATTTGGTATGAAAGTGTTTTATGGCGATGCCACGCGGATGGATTTACTGGAATCTGCCGGAGCGGCGAAAGCGGAAGTGCTGATTAACGCCATCGACGATCCGCAAACCAACCTGCAACTGACAGAGATGGTGAAAGAACATTTCCCGCATTTGCAGATTATTGCCCGCGCCCGCGATGTCGACCACTACATTCGTTTGCGTCAGGCAGGCGTTGAAAAGCCGGAGCGTGAAACCTTCGAAGGTGCGCTGAAAACCGGGCGTCTGGCACTGGAAAGTTTAGGTCTGGGGCCGTATGAAGCGCGAGAACGTGCCGATGTGTTCCGCCGCTTTAATATTCAGATGGTGGAAGAGATGGCAATGGTTGAGAACGACACCAAAGCCCGCGCGGCGGTCTATAAACGCACCAGCGCGATGTTAAGTGAGATCATTACCGAGGACCGCGAACATCTGTCATTAATTCAACGACATGGCTGGCAGGGAACCGAAGAAGGTAAACATACCGGCAACATGGCGGATGAACCGGAAACGAAACCCTCATCCTAA"
"b0048","TTTACGCTTTACGTATAGTGGCGACAATTTTTTTTATCGGGAAATCTCAATGATCAGTCTGATTGCGGCGTTAGCGGTAGATCGCGTTATCGGCATGGAAAACGCCATGCCGTGGAACCTGCCTGCCGATCTCGCCTGGTTTAAACGCAACACCTTAAATAAACCCGTGATTATGGGCCGCCATACCTGGGAATCAATCGGTCGTCCGTTGCCAGGACGCAAAAATATTATCCTCAGCAGTCAACCGGGTACGGACGATCGCGTAACGTGGGTGAAGTCGGTGGATGAAGCCATCGCGGCGTGTGGTGACGTACCAGAAATCATGGTGATTGGCGGCGGTCGCGTTTATGAACAGTTCTTGCCAAAAGCGCAAAAACTGTATCTGACGCATATCGACGCAGAAGTGGAAGGCGACACCCATTTCCCGGATTACGAGCCGGATGACTGGGAATCGGTATTCAGCGAATTCCACGATGCTGATGCGCAGAACTCTCACAGCTATTGCTTTGAGATTCTGGAGCGGCGGTAA"
"b0049","CATTCCCGTATTCCGACTCGCCGTTCCCACACTCATTCATTAAAAGAATATGGCGACATACCTTATTGGCGACGTTCATGGTTGTTACGATGAACTGATCGCATTGCTGCATAAAGTAGAATTTACCCCTGGGAAAGATACCCTCTGGCTGACGGGCGATCTGGTCGCGCGCGGGCCGGGTTCGCTGGATGTTCTGCGCTATGTGAAATCCTTAGGCGACAGCGTACGTCTGGTGCTGGGCAATCACGATCTGCATCTGCTGGCGGTATTTGCCGGGATCAGCCGCAATAAACCGAAAGATCGCCTGACACCGCTGCTGGAAGCGCCGGATGCCGACGAGCTGCTTAACTGGCTGCGGCGCCAGCCTCTGCTGCAAATCGACGAAGAGAAAAAGCTGGTGATGGCCCACGCAGGGATCACGCCGCAGTGGGATCTGCAGACCGCCAAAGAGTGCGCACGCGATGTAGAAGCGGTGCTATCGAGTGACTCCTATCCCTTCTTTCTTGATGCCATGTACGGCGATATGCCAAATAACTGGTCACCGGAATTGCGGGGGCTGGGAAGACTGCGTTTTATCACCAACGCTTTTACCCGTATGCGTTTTTGCTTCCCGAACGGTCAACTGGATATGTACAGCAAAGAATCGCCGGAAGAGGCCCCTGCCCCACTGAAACCGTGGTTTGCGATTCCTGGCCCTGTCGCTGAAGAATACAGCATCGCCTTTGGTCACTGGGCATCGCTGGAGGGCAAAGGTACGCCGGAAGGTATATACGCGCTGGATACCGGCTGCTGCTGGGGTGGTACATTAACCTGCCTGCGCTGGGAAGATAAACAGTATTTTGTCCAGCCGTCGAACCGGCATAAGGATTTGGGCGAAGCGGCGGCGTCTTAA"
"b0050","AGATGGCGAACTATCTGGCGGAGAACGCGCCTTTGCAGGAGAGTTAACGATGATCAATTCGCCCCGAGTGTGTATTCAGGTTCAAAGCGTCTACATTGAGGCTCAATCTTCACCTGATAATGAACGTTACGTTTTTGCTTATACCGTAACCATACGCAATCTGGGGCGAGCGCCAGTGCAGTTGTTGGGGCGTTACTGGCTGATCACCAATGGCAATGGCCGTGAAACCGAAGTCCAGGGCGAAGGAGTGGTTGGCGTCCAGCCACTTATCGCGCCTGGCGAAGAGTACCAGTACACCAGCGGTGCAATCATTGAAACCCCGCTGGGCACCATGCAGGGTCACTACGAAATGATCGATGAAAATGGCGTCCCTTTCAGCATCGACATTCCCGTATTCCGACTCGCCGTTCCCACACTCATTCATTAA"
"b0051","GTTTTATTACGGCGCTTAATCTCGCCATCAAAATGATTGTTAACACCCAATGAATAATCGAGTCCACCAGGGCCACTTAGCCCGTAAACGCTTCGGGCAAAACTTTCTCAACGATCAGTTCGTGATCGACAGTATTGTGTCTGCCATTAACCCGCAAAAGGGCCAGGCGATGGTCGAAATCGGCCCCGGTCTGGCGGCATTGACCGAACCGGTCGGCGAACGTCTGGACCAGCTGACGGTCATCGAACTTGACCGCGATCTGGCGGCACGTCTGCAAACGCATCCATTCTTAGGCCCGAAACTGACGATTTATCAGCAGGATGCGATGACCTTTAACTTTGGTGAACTGGCCGAGAAAATGGGTCAGCCGCTGCGTGTTTTCGGCAACCTGCCTTATAACATCTCCACGCCGTTGATGTTCCATCTGTTTAGCTATACTGATGCCATTGCCGACATGCACTTTATGTTGCAAAAAGAGGTGGTGAATCGTCTGGTTGCAGGACCGAACAGCAAAGCGTATGGTCGATTAAGCGTCATGGCGCAATACTATTGCAATGTGATCCCGGTACTGGAAGTACCGCCGTCAGCCTTTACACCACCACCCAAAGTGGATTCCGCCGTCGTGCGCCTGGTTCCTCATGCAACGATGCCTCACCCGGTTAAAGATGTTCGTGTGTTGAGCCGCATCACCACCGAAGCCTTTAACCAGCGTCGTAAAACCATTCGTAACAGCCTCGGCAACCTGTTTAGCGTCGAGGTGTTAACGGGAATGGGGATCGACCCGGCGATGCGAGCGGAAAATATCTCTGTCGCGCAATATTGCCAGATGGCGAACTATCTGGCGGAGAACGCGCCTTTGCAGGAGAGTTAA"
"b0052","GGATGCAGGAACAACGTGCCAGCGCCTACGTTAAAATCCTGAGCAACTAATGGTTAAAACCCAACGTGTTGTGATCACTCCCGGCGAGCCCGCCGGGATTGGCCCGGACTTAGTTGTCCAGCTTGCACAGCGTGAGTGGCCGGTCGAACTGGTTGTTTGTGCCGATGCCACTCTCCTTACCAACCGGGCAGCGATGCTCGGTTTGCCGCTCACCCTCCGCCCTTATTCCCCCAACTCCCCTGCACAACCGCAAACTGCGGGCACATTAACGCTACTTCCTGTCGCGCTACGTGCACCTGTCACTGCGGGGCAGTTAGCGGTTGAAAATGGGCATTATGTGGTGGAAACGCTGGCGCGAGCGTGCGATGGTTGTCTGAACGGCGAATTTGCCGCGCTGATCACAGGTCCGGTGCATAAAGGCGTTATTAACGACGCTGGCATTCCTTTTACCGGTCATACCGAGTTTTTCGAAGAGCGTTCGCAGGCGAAAAAGGTGGTGATGATGCTGGCGACCGAAGAACTTCGCGTGGCGCTGGCAACGACGCATTTACCGCTGCGCGATATCGCAGACGCTATCACCCCTGCACTTTTGCACGAAGTGATTGCTATTTTGCATCACGATTTGCGGACCAAATTTGGTATTGCCGAACCGCGCATTCTGGTCTGCGGGCTGAATCCGCACGCGGGCGAAGGCGGTCATATGGGTACGGAAGAGATAGACACCATTATTCCGGTGCTCAATGAGCTGCGGGCGCAGGGGATGAAACTCAACGGGCCGCTGCCTGCCGATACCCTGTTTCAGCCGAAATATCTTGATAACGCCGACGCCGTGCTGGCGATGTACCACGATCAGGGTCTTCCCGTGCTAAAATACCAGGGCTTCGGGCGCGGTGTGAACATTACGCTGGGCCTGCCCTTTATTCGCACATCAGTGGACCACGGCACCGCGCTTGAACTGGCGGGACGTGGCAAAGCCGATGTCGGCAGTTTTATTACGGCGCTTAATCTCGCCATCAAAATGATTGTTAACACCCAATGA"
